UUID,Title,"First Name","Last Name","Street Address",Barangay,Municipality,Province,Country,"Phone Number","Mobile Number","Company Name","Company Website","Job Title","Favorite Color",Birthdate,"Email Address",Password
14b167c7-5b79-3ca7-a0d8-d416e66f994d,Miss,Armando,Yost,"70 Vandervort Pike Suite 582",Poblacion,Baybay,Sulu,Seychelles,083-958-758,+260809952960,"Okuneva, Morar and Gislason",https://fritsch.org/sed-quidem-molestiae-qui-repellendus-impedit-repudiandae.html,"Fish Game Warden",fuchsia,1970-01-28,mclaughlin.johathan@hotmail.com,qz]eeoT93.wtP6
c13d5c36-fbcd-3b24-abad-fb5e024579b3,Prof.,Lew,Ortiz,"82/14 Thiel Terrace Apt. 827",Poblacion,Manila,"Misamis Occidental","Cote d'Ivoire",389-124-860,+663239964737,Koch-Skiles,http://www.sawayn.com/omnis-et-eaque-eum,Locksmith,white,1999-11-05,bruen.randi@yahoo.com,L`?o=+
1dfb517d-70a1-34d7-9ae4-3c9e2aaceee9,Dr.,Monty,Grady,"62/33 Batz Vista Apt. 845",Poblacion,Ozamiz,Batangas,Fiji,946-171-793,+687385610,"Bruen and Sons",http://weber.net/autem-quo-ipsa-id-autem-suscipit,"Oral Surgeon",white,2023-08-28,kreinger@goyette.com,'7[^0T)I
03fda4f8-5b4b-3627-bad4-e25c3fbffc2e,Prof.,Maegan,Heathcote,"86/48 Becker Club",Poblacion,Dipolog,"Surigao del Norte",Estonia,199-178-202,+237723949207,"Ledner LLC",http://www.kessler.com/repudiandae-ut-nostrum-sunt-animi-nihil-ducimus,Astronomer,blue,1975-01-18,marcelo.langosh@gmail.com,"g!)Jn6M!S'0``""GP"
130c6b53-7888-34c4-ac82-90c7ad2a086a,Prof.,Luna,Pacocha,"36/37 Reichel Green",Poblacion,Tanjay,"La Union",Niger,452-820-679,+3757288399051,"McLaughlin and Sons",http://www.klein.com/fugit-cupiditate-ab-officiis-cumque-est-libero,"Municipal Court Clerk",olive,2017-12-22,yrohan@hotmail.com,")""id>nB^<}gPy9|d.v"
0f8b54d9-9adc-3cd2-b3f4-873e42b18231,Dr.,Harmony,Wolf,"44/28 Gislason Shoals",Poblacion,Panabo,"Camarines Sur","Brunei Darussalam",423-159-721,+22662983853,"Kertzmann Group",https://price.com/saepe-dolorem-expedita-et-perspiciatis.html,"Animal Care Workers",maroon,1994-09-10,einar19@torp.com,"&fC!O\X"
334f88f8-b775-3943-b0c8-0d0f7be0ea7a,Dr.,Orland,Graham,"45 Blanda Terrace",Poblacion,Tayabas,"Surigao del Sur",Guinea,859-190-951,+2678009405550,"Homenick Ltd",http://windler.org/labore-ut-atque-harum-modi-sint-nihil,"Electrical Drafter",black,1982-09-11,vada04@brown.com,e`T>jG;h]`Z3xQA&'52|
d97c495a-47d8-339a-904c-8bb787e48a26,Miss,Katelynn,Little,"68 Farrell Road",Poblacion,Bislig,"Oriental Mindoro",Montserrat,125-361-074,+99379632496,Leuschke-Walker,https://www.weimann.info/dolore-ipsa-soluta-ipsum-excepturi-aliquam,"Ship Engineer",aqua,1979-09-09,pschumm@hotmail.com,">\~(T,.u+"
c273f28c-938d-31d8-b1e3-e10c5b3f2beb,Miss,Bobbie,Bartell,"15 Bosco Crest",Poblacion,Oroquieta,Cagayan,Grenada,401-427-641,+97361591670,Stanton-Roberts,https://hane.net/facere-suscipit-dicta-accusantium-ab.html,"Financial Manager",maroon,1999-08-24,ehirthe@yahoo.com,"_E8STGvPj"":|"
15e35d62-afe0-3bd7-83c4-8c9e9754a2d9,Prof.,Lizzie,Botsford,"15A/84 Hauck Lakes",Poblacion,"La Carlota","Metro Manila",Israel,195-826-920,+242406863775,"Turcotte, Bahringer and McCullough",http://www.vandervort.com/sint-beatae-minus-est,"Slot Key Person",silver,2020-08-21,nvonrueden@yahoo.com,J.X|9qc
7605196f-eadd-3373-bdf4-86055de61186,Prof.,Alejandrin,Abernathy,"28 Bartoletti Estate Suite 566",Poblacion,Samal,Albay,Nepal,472-528-160,+878246614331064,Baumbach-Pagac,http://stoltenberg.com/a-perferendis-possimus-consequatur,"Court Reporter",fuchsia,2016-11-05,mckenzie.yundt@gmail.com,"Tpg\+u+7\"
b4758111-44a6-3182-8ad3-5fadb0dfaf69,Dr.,Ashlynn,Ortiz,"88/43 Klocko Crossing Suite 053",Poblacion,Manila,"Surigao del Norte",Benin,481-845-971,+462838443672,"Ullrich Inc",https://williamson.org/in-suscipit-et-dolores-quia-qui.html,"Dot Etcher",gray,2008-02-15,roselyn82@hotmail.com,]BsiMqGs(!3w{
e67d7b5d-795d-3304-ab1e-f77cf6817b05,Prof.,Linnie,Hand,"88/32 Thompson Glen",Poblacion,"San Juan",Capiz,Algeria,968-722-371,+51333212877,"Conn, Effertz and Bartell",https://bashirian.com/iste-eligendi-libero-molestias-quae-ratione-molestias-dolores.html,"Transportation Equipment Maintenance",black,1984-07-01,yschowalter@yahoo.com,"pqisAW!5-3""A7l2_hb"
c9cdfff6-4831-3bb1-932b-394803cec67a,Prof.,Kris,Rogahn,"33 Hegmann Forks",Poblacion,Tanauan,Cavite,"Bosnia and Herzegovina",310-873-876,+6780527909,Feest-Ullrich,http://beahan.org/id-voluptates-provident-necessitatibus,"Production Helper",black,1983-02-16,brenda43@gmail.com,$:zB{Z(e(CmSFi4+gip}
fe31e12b-d701-3195-b3d4-240b6f8d9caa,Ms.,Cynthia,Quigley,"97 Hyatt Expressway",Poblacion,Danao,"Ilocos Norte","Equatorial Guinea",608-401-289,+80045202993,"Rodriguez PLC",https://www.bayer.com/quod-voluptatem-deserunt-possimus-dolores-est-quos-itaque,"Architectural Drafter OR Civil Drafter",olive,1986-05-12,lzboncak@hirthe.info,"im9>8',9||Xi9"
1073b1cf-a99a-3094-ba12-2d0f63476a39,Dr.,Cydney,Rodriguez,"72 Kunze Haven Apt. 493",Poblacion,Laoag,Zambales,"British Virgin Islands",540-005-549,+249012320751,Fahey-Kris,http://gutkowski.net/,"Multi-Media Artist",navy,2011-08-18,onie17@kuhn.com,"|;+J=;Krk4An.Zn@U1,4"
79c58ca6-255c-3cd3-90bd-d558357977b3,Mr.,Clinton,Powlowski,"72A/87 Carter Pike Apt. 746",Poblacion,Palayan,Pangasinan,Korea,108-061-597,+23273346170,"Weissnat, Crooks and Bergstrom",https://www.conn.com/sint-assumenda-expedita-qui-molestias-iste-culpa-sit,"Fishery Worker",fuchsia,1977-05-15,wherzog@yahoo.com,;D=ovX!*1
ce706bd0-bbe8-3a14-afa8-cdff695ebc19,Prof.,Ophelia,Kulas,"54 Zulauf Ranch Suite 988",Poblacion,Olongapo,Quezon,Grenada,941-695-802,+71924049200,Corwin-Kilback,http://flatley.com/quisquam-aut-voluptas-voluptatibus.html,"Fence Erector",green,1978-09-05,simone.johnston@bogan.com,C%]wxzX+
a7ba21a0-fca4-3967-b188-634e72e41b73,Mr.,Cassandra,Mills,"98A Stokes Burgs",Poblacion,Iligan,Tawi-Tawi,Chile,207-420-748,+9640678222248,"Carter, Herman and Olson",http://www.hill.com/consequuntur-esse-est-vero-omnis-distinctio,"Technical Specialist",gray,1981-08-15,ashly.torp@hintz.com,4c5#AG$be
c13c4597-65e2-3201-b313-085dc839975d,Prof.,Annamarie,Reilly,"71/65 Wuckert Loop Apt. 643",Poblacion,Toledo,Samar,Montserrat,255-880-271,+265994990516,"Douglas LLC",http://www.veum.com/,"Transportation Equipment Painters",yellow,2006-05-28,dhessel@hotmail.com,"_Gn,}hp9$}imSj%'"
f72e66b2-ed25-3c62-b6d5-1f8a789789ee,Mrs.,Caterina,Tillman,"95 Feil Circle",Poblacion,Butuan,Benguet,Guinea-Bissau,583-361-245,+97517744079,Cruickshank-Bashirian,http://jenkins.com/rerum-esse-rem-unde-est-dolorem-temporibus-debitis,"Insurance Underwriter",yellow,1988-09-01,lowe.kassandra@gmail.com,si!h$z<ds]]m<>n(
30253453-c0b1-3959-b91d-a3b542241148,Prof.,Brandy,McDermott,"08A Hoeger Dale",Poblacion,Malolos,Marinduque,"Dominican Republic",623-716-653,+25384196030,"Farrell, Feeney and Hartmann",https://www.torphy.org/itaque-veniam-illum-officia-sequi,"Stationary Engineer",blue,2011-04-15,clara.lueilwitz@yahoo.com,r#)E-Yt5rB`$YRK-v7
f51faa3a-c3b9-3dcd-bde8-d5afbce7ba26,Dr.,Vernon,Botsford,"47 Gaylord Crest",Poblacion,Passi,Aklan,"United Arab Emirates",597-091-355,+421515416595,"Kutch Group",http://www.jast.com/sed-rerum-non-illo-tempore-nam-laboriosam-minus-molestiae,Assessor,black,2003-08-17,clair87@walter.com,7B_G_ey`hI<*_Qv-
fb3a620a-1adf-3e85-afaf-ef8e127c6ea1,Mrs.,Vincent,Wintheiser,"04A Nitzsche Wells Suite 451",Poblacion,Navotas,Bulacan,Mozambique,966-139-245,+6839212749,"Kulas and Sons",https://www.abbott.com/qui-in-neque-rem-aut-sint,Psychiatrist,white,2011-12-21,npagac@yahoo.com,",7ELumD5S[zymG{/bK"
9f276a2a-870e-3330-b427-fa3c36dba55b,Prof.,Rebeca,Bayer,"83 Von Walks",Poblacion,Laoag,"Nueva Vizcaya",China,384-169-388,+250255821431,Schultz-Braun,http://bartoletti.org/iure-deleniti-nihil-eos-pariatur-molestiae-nisi,"Computer Systems Analyst",green,2004-05-24,ppredovic@denesik.org,]Co|v5=Tk~4/:>
4c77dd68-0407-3673-ab5b-9b12215ed60b,Prof.,Margarette,O'Conner,"98/69 Haley Court Apt. 826",Poblacion,Himamaylan,Marinduque,"Turks and Caicos Islands",402-842-988,+271331570635,Kerluke-Hill,http://www.reichert.com/minima-blanditiis-fugiat-illo-et-nam-ullam,"Personal Financial Advisor",aqua,1999-03-18,rigoberto.eichmann@kemmer.net,R(^NBHiyg=*'
3419c882-5fa6-3669-9a8c-c21a9da7d7b4,Mr.,Dwight,Blick,"19A Kling Forks Suite 891",Poblacion,Lipa,Bulacan,Iran,382-155-090,+36965244012,"Bode, Schneider and Beer",http://berge.com/,"Forming Machine Operator",gray,2002-09-02,tromp.talia@hotmail.com,a5u7'.o35#WSb-G[<5s
6f0736f1-3893-342a-ae49-21aa080858e2,Ms.,Omari,Morissette,"28 Mosciski Mall",Poblacion,"San Pedro",Abra,Ethiopia,444-038-108,+21662451282,Stanton-Gerlach,http://gerlach.com/doloribus-ab-sit-vero-pariatur-sit-et-consequatur,Economist,olive,2012-04-24,pagac.nelda@dicki.com,|FQrvHm/
33835c18-c498-335b-9679-5069eb11d886,Dr.,Myrtice,Bogan,"16A/11 Kuhn Junctions Apt. 072",Poblacion,Taguig,Capiz,"Bosnia and Herzegovina",025-107-573,+8566612497888,"Turcotte PLC",http://www.wisozk.com/,"Security Systems Installer OR Fire Alarm Systems Installer",gray,1970-10-02,yost.amaya@stehr.org,"_""k;FV4YN$)"
7912a285-97a0-3eb0-a31b-2fc7e75428d7,Miss,Kay,Reichel,"37A/39 Lind Extension Suite 358",Poblacion,Cabanatuan,Leyte,"Isle of Man",340-246-453,+22777967463,VonRueden-Rolfson,http://schultz.info/eius-hic-itaque-facilis-accusamus,"Production Planning",navy,1976-04-09,geo.abbott@gmail.com,"e0_4]R3""h%U,"
2b752fcf-2a9a-33ae-9ff4-f348fcc54588,Mrs.,Rupert,Ledner,"44A/26 Legros Ports",Poblacion,Pasay,"Zamboanga del Norte",Angola,882-426-845,+661506952474,"Keebler LLC",http://www.maggio.com/,"Electrical Sales Representative",fuchsia,1999-09-20,sonia45@gmail.com,#ow1Nav
66064c26-a1f9-3bca-99d7-db58f998acf8,Mr.,Dean,Ziemann,"84A Kunde Summit",Poblacion,Meycauayan,Batanes,"United States Minor Outlying Islands",372-731-979,+5977611782,"Weissnat Group",https://boyer.info/ipsum-nulla-accusamus-hic-eos-consequuntur-aut-voluptatum-repudiandae.html,"Medical Sales Representative",lime,2011-06-27,sidney.bailey@terry.com,uZ}nsJeX
05aad01d-d5fc-35f9-9e10-27c16af12f1f,Mrs.,Ambrose,Lebsack,"53/55 Turcotte Radial",Poblacion,Legazpi,Sorsogon,Barbados,446-146-682,+3803616619814,"Howe, Moen and Jakubowski",https://kulas.com/ipsa-in-maiores-dicta-maxime-earum-nostrum.html,"Athletic Trainer",navy,2021-12-28,tyler.harber@hotmail.com,r6!;J'j0E2x<+
0f8daf84-7832-3129-9681-c3492d3fe21c,Mr.,Micah,Casper,"96A/09 Lebsack Expressway",Poblacion,Malaybalay,"Lanao del Sur",Malaysia,136-211-298,+50551841127,"Howell, Monahan and Nolan",https://www.schoen.com/maxime-et-qui-culpa-veritatis-eos-iure-velit,"Railroad Inspector",yellow,1971-05-17,dagmar.larkin@yahoo.com,2zQRB+)rb8u|oI
9cb79c0b-821b-3707-9cc1-d626b30e1a60,Prof.,Nikita,Wyman,"54A Bartoletti Junctions",Poblacion,Dapitan,"Agusan del Norte","Palestinian Territories",886-658-611,+9761157508145,"Beahan PLC",http://goodwin.com/sunt-quisquam-magnam-voluptas-labore-sint-saepe-qui-sit,"Welder and Cutter",olive,1983-04-29,jon.reichel@gmail.com,DJRS9$C~M
7da78d2b-71a8-3121-864d-1360fa4224a6,Dr.,Aron,Rutherford,"58 Kessler Lock Suite 014",Poblacion,Tanjay,"Eastern Samar",Dominica,301-821-052,+2917528127,"Mann, Abbott and Crooks",https://dach.org/asperiores-quis-dolorum-delectus-aut-eos-iusto.html,"Tree Trimmer",fuchsia,1970-02-14,kassandra.bashirian@mayert.info,*e:LhnH@w5iutM_jy3<T
9616a540-d373-33d6-bc79-f31cd9b812bd,Prof.,Van,Johns,"62A/87 Rempel Circles",Poblacion,Silay,"Oriental Mindoro","British Indian Ocean Territory (Chagos Archipelago)",595-341-496,+5927670764,"Eichmann LLC",http://www.zieme.com/voluptas-soluta-eos-sit,"Correspondence Clerk",aqua,1992-07-26,aiden.champlin@kassulke.org,0mLeaw
4f88bb1b-724c-3b30-98dd-35e33a6d52f0,Prof.,Leif,Watsica,"13A/26 Johnston Station",Poblacion,Tanjay,Sarangani,Korea,465-950-886,+968687785730,Padberg-Dietrich,https://www.considine.com/rerum-corrupti-voluptas-nobis-qui,"Photographic Reproduction Technician",silver,2003-06-29,coby.heathcote@hotmail.com,"Pb_e#1:S1}R3Z%_M-\av"
7ef91bff-8e09-329b-96f6-811469ce8699,Mr.,Enos,Cole,"77A/53 Considine Islands Apt. 188",Poblacion,Biñan,"Southern Leyte",Netherlands,395-795-696,+572736119659,Ferry-Ebert,http://bogisich.com/consequatur-laudantium-illum-minima-cupiditate-consequuntur-omnis-est,"Social Scientists",silver,2013-02-20,dach.orion@gmail.com,"/(%M9y""!~f5?"
68d858ec-1ba6-3399-bd2c-5d414481af7b,Miss,Gayle,Green,"25A Gaylord Way Apt. 234",Poblacion,Pasay,Siquijor,Zambia,078-683-634,+264415432822,"Schulist, Price and Aufderhar",http://cremin.com/aliquid-quis-minus-est-et-eveniet-exercitationem-vitae-accusamus,"Ship Captain",yellow,1998-10-09,tomasa26@durgan.com,"A3<!K`on""}8i:NR75Q"
e26b2866-29f3-3f06-aa8f-81eb5faf98e4,Prof.,Elissa,Nicolas,"65/67 Keeling Harbors Suite 713",Poblacion,Valencia,Aklan,Spain,937-893-415,+251738669366,"Nitzsche Group",http://kassulke.com/assumenda-quidem-quas-omnis,"Municipal Court Clerk",black,1991-01-06,cornelius99@koch.com,gcJ2azk^ATNAAR
8120b7a0-82c7-3459-869e-b55291059e1b,Prof.,Kamron,Bode,"65A/43 Cassin Rapids",Poblacion,Mandaue,Cavite,Iceland,459-283-011,+256890475683,"Kutch Ltd",https://www.hyatt.com/eius-quasi-asperiores-nostrum-quis-qui-placeat,"Radar Technician",white,1983-01-02,esther40@kertzmann.com,i#lCB/L.+JmL@ui8ST'
a0335902-d13f-3e77-a8e6-02f693863662,Prof.,Terrance,Runte,"37/38 Sporer Key Apt. 225",Poblacion,Guihulngan,Quirino,Iceland,176-435-138,+26620136202,"Langosh, Rippin and Gaylord",https://toy.com/et-nostrum-necessitatibus-ea-iusto-explicabo-laboriosam.html,"Textile Cutting Machine Operator",aqua,1983-02-12,naomi85@krajcik.com,"LJV.8z?,,Y"
894cdd65-2e0a-3766-8554-4c9cb6c6a4e3,Dr.,Julio,Collins,"99A/89 Dickinson Square Suite 833",Poblacion,"Puerto Princesa",Bukidnon,Maldives,972-507-826,+38908644012,"Vandervort, Kuhn and Hagenes",http://www.swift.biz/ea-molestias-voluptas-officia-totam-neque-quibusdam-quidem.html,"Pump Operators",navy,1971-11-28,thomas.thompson@hotmail.com,Sp]nnF=J40Oq-$$)
a907e3e7-8d08-3916-be58-48e049844a91,Dr.,Emanuel,Hegmann,"17A Runolfsson Landing Suite 549",Poblacion,Cabadbaran,Batanes,Nicaragua,470-041-377,+3814982559426,Gibson-Wuckert,https://www.heidenreich.com/consequatur-repudiandae-assumenda-ut,Gauger,maroon,2012-10-25,aniyah17@hotmail.com,%b6R+:
06187d51-0cfa-3e5f-be24-5fe0bb779ac7,Dr.,Ricky,Friesen,"71A/12 Schaefer Views",Poblacion,Tacloban,"Ilocos Sur",Micronesia,641-079-379,+8828354068660,Hickle-Barrows,http://hickle.net/quod-excepturi-quis-iure-laudantium-fuga.html,"Logging Worker",olive,2022-06-28,zlockman@gmail.com,"3vHs~"".wg"
eb238c94-ebb5-3164-8f6a-cc2ade1482b3,Prof.,Florian,Hoeger,"95 Kreiger Burgs",Poblacion,Carcar,"Camarines Sur","Heard Island and McDonald Islands",530-614-146,+242627625626,Cummings-Herzog,http://www.predovic.biz/quo-est-eos-ut-itaque-atque-at-et,"Storage Manager OR Distribution Manager",black,1979-03-21,horace58@yahoo.com,R3ax-K^2jsu
10a78322-e421-3ce7-bca8-d193afcac618,Dr.,Alberto,Cartwright,"72 Konopelski Heights",Poblacion,"Zamboanga City","Zamboanga del Sur","Saudi Arabia",662-859-654,+237331849462,O'Hara-Harvey,http://www.schultz.info/cumque-doloremque-est-qui-placeat-cumque,"Scanner Operator",black,1999-03-16,ona.kshlerin@berge.com,+Zql|l`O`
e281f20f-8682-38b5-ae99-d964f53e7bda,Prof.,Aletha,Friesen,"52 Ryan Road Apt. 345",Poblacion,"Batangas City",Rizal,Singapore,285-339-191,+994796930577,Oberbrunner-Ledner,https://beer.com/beatae-repellat-voluptatum-enim-iure-non.html,"Gaming Cage Worker",purple,2020-02-02,sincere.koelpin@steuber.com,avX};obK%z3=;FrT)J
051f50b7-6f2d-3f78-b61a-f7b464fcee86,Mrs.,Woodrow,Bailey,"73A Grant Hills Apt. 283",Poblacion,Kabankalan,"Northern Samar","Costa Rica",996-726-635,+233432466260,"Wuckert LLC",http://gulgowski.com/,"Freight and Material Mover",aqua,1996-04-06,mschaefer@yahoo.com,jSjl4cb>T^?tiD[)
8fc5a40c-c6ed-33dd-933c-9cd93972dc78,Mr.,Gerald,Renner,"15 Koepp Row Apt. 457",Poblacion,"Surigao City",Tawi-Tawi,Namibia,939-904-706,+508893258165,Murazik-Leannon,https://www.kunze.com/exercitationem-nemo-ut-aut-voluptatem,"Rough Carpenter",purple,1994-11-22,winston.hoppe@bernhard.com,"7gT*{S7v,'lIo1Q%"
fa60c200-e78c-3319-8431-3a37391ba442,Dr.,Cade,Leannon,"65 Schulist Inlet Apt. 527",Poblacion,Dipolog,"Davao Oriental",Congo,184-123-702,+652155249895,"Aufderhar LLC",http://murray.biz/dicta-est-aut-maiores-quam.html,"Pastry Chef",teal,1974-09-19,stanton.tess@gmail.com,"{gm&\32,W]:sP"
377a7ed7-f568-35ea-b628-7d7302cd030b,Miss,Danika,Feil,"28/54 Hegmann Curve",Poblacion,Baybay,Camiguin,Honduras,184-685-794,+312228980712,Volkman-Barton,http://www.schamberger.com/,"Audio-Visual Collections Specialist",maroon,2024-01-24,kianna.oconnell@weissnat.com,y^/I&`F/r[*Ao'iK
4bc32354-d234-377a-9b0e-218598300ce7,Ms.,Myles,Blanda,"57A/67 Lowe Fort Apt. 723",Poblacion,"San Jose",Apayao,"Svalbard & Jan Mayen Islands",813-026-945,+258685513220,"Schowalter LLC",http://rippin.com/,"Calibration Technician OR Instrumentation Technician",green,1989-05-03,kuphal.josh@hotmail.com,y(v2wvf-d?2&)fY
5bb95ecf-8d8f-3c13-9eba-690c7ad9b159,Dr.,Aimee,Greenholt,"49/87 Ondricka Trail",Poblacion,Alaminos,"Lanao del Sur",Maldives,550-689-878,+928021402721,"Kirlin Group",http://www.weissnat.com/ut-voluptatem-voluptatem-perspiciatis-nihil.html,"Personnel Recruiter",lime,2016-08-07,ena.becker@yahoo.com,0907MD1+H084b&F
890480ce-a8a6-3228-ad9c-08ec28887d03,Miss,Yadira,Cole,"23A/47 Kassulke Hill Apt. 226",Poblacion,Lapu-Lapu,Maguindanao,Monaco,489-105-054,+50319382638,Ortiz-Bednar,http://crooks.com/ea-est-nostrum-cum-et-nisi-nihil-nihil-fugiat,"Art Teacher",blue,2012-04-03,judge56@gmail.com,"v'=,$%HPn+%D)-"
ce21b8ff-b74a-3c1f-bd63-3e9ffa077300,Mr.,Dalton,Williamson,"28 DuBuque Groves Apt. 923",Poblacion,"San Pablo",Benguet,Guyana,229-995-817,+260298022078,Marks-West,https://kozey.com/totam-vel-quia-officiis-quia-et-ut-ratione-quos.html,"Audio-Visual Collections Specialist",yellow,2002-10-14,johnson72@quigley.com,2rm--squ
02eae213-f0a9-3c15-abba-46e1fe4d3007,Mr.,Sydni,Heathcote,"23/87 Ledner Summit Suite 855",Poblacion,"El Salvador",Sarangani,Jersey,578-418-764,+8501614989608,"Borer, McClure and Barton",http://wyman.biz/,"Production Worker",purple,1995-08-01,schuster.may@hotmail.com,iEc*yn2B{l~]4
868ce91f-0273-3b88-b5ee-a95159b940e3,Mr.,Aisha,Gutmann,"35A Johnson Grove Suite 174",Poblacion,Bago,Batangas,Gambia,682-144-618,+9604210119209,"Rosenbaum Group",http://mcclure.info/voluptatem-reiciendis-voluptas-dicta-molestiae-facere-et-consequatur.html,"Coremaking Machine Operator",white,2022-07-01,madyson16@monahan.com,H.i[5YHt@X%=/)yx!'
21d59275-e684-328c-8467-d0f8cff599c6,Mrs.,Chyna,Boehm,"83/44 Wilderman Camp",Poblacion,Bogo,Basilan,Uruguay,633-377-759,+5938056236931,"Bechtelar and Sons",http://www.beatty.org/repellendus-nisi-ab-laboriosam-dolor.html,Gauger,purple,1993-10-31,diego.cassin@hotmail.com,"?b""Z~zo?b"
caf2f4e8-a4b7-3ddd-af63-c3b5be22060c,Dr.,Tyrel,Medhurst,"48/95 Kohler Expressway",Poblacion,Bogo,"Davao del Sur","Costa Rica",289-939-020,+240489629571,Anderson-Carter,http://www.howell.biz/qui-aut-quos-sequi-est-veritatis-fugit-sunt,Assessor,teal,1974-09-04,nturcotte@okeefe.info,",O""r6SX"
ab0de77e-3203-3ed2-b1af-509e923fbb75,Prof.,Marlen,Turcotte,"42 Funk Ports Apt. 066",Poblacion,Cauayan,Zambales,Kenya,313-199-538,+5926798574,Wolff-Satterfield,https://wolff.biz/asperiores-cupiditate-reprehenderit-aut-ut-aliquid.html,"Aircraft Engine Specialist",silver,1989-01-01,frami.destinee@ruecker.com,W)D!C;NSgj[E]!i^17
f9957eae-a617-363e-9818-c5bdafe5e842,Mrs.,Alexzander,Treutel,"45A Wiza Burgs Suite 670",Poblacion,Tacloban,Bukidnon,Venezuela,438-224-680,+508522244887,Waters-Collins,http://www.hills.biz/asperiores-hic-beatae-alias-et-voluptas-neque.html,Prosthodontist,aqua,1984-07-26,gage43@collins.com,"K[9~7B4\XK"
14e76ca5-f939-34d1-bea6-18a315092928,Mr.,Itzel,O'Reilly,"25/99 Medhurst Port Apt. 395",Poblacion,Tagbilaran,Albay,Ethiopia,955-566-880,+2691849404,"Orn, McCullough and Cremin",http://howell.org/aut-ipsa-est-odio-excepturi-itaque,"Public Transportation Inspector",maroon,1999-06-19,terrance.wuckert@yahoo.com,y3t-=t)y>6?]'+'Z
3119fba5-22ba-385f-9c35-99c0204f0b8a,Prof.,Matilda,Weimann,"35A/35 Armstrong Park Apt. 813",Poblacion,Isabela,Sorsogon,"Saint Lucia",088-846-307,+8868807685042,"Barton, Block and Kuhic",http://macejkovic.org/illum-ipsum-autem-ut-nulla-in,"Bulldozer Operator",fuchsia,2001-06-30,dconsidine@hotmail.com,"""7vR:J#S^1$H8;b{%"
43ed6047-c7a9-35b0-9729-404cf01fc3f4,Dr.,Ladarius,Durgan,"14/65 Johnson Causeway Suite 952",Poblacion,Cabuyao,Romblon,Turkey,155-839-883,+447495831038,Gleason-Abernathy,https://waelchi.com/quia-qui-perspiciatis-consequatur-nisi-est-dolorem-quisquam.html,"Postal Service Mail Sorter",silver,1996-04-06,jennie.bradtke@auer.com,I#$*-=|xr+)ti
7b985ebb-40d2-357c-b63c-1a2910e5da2c,Prof.,Jude,Nolan,"37A/50 Johns Circles",Poblacion,Cabanatuan,"Ilocos Norte",Montenegro,350-100-322,+22959294031,Friesen-Powlowski,https://schoen.net/dolorum-maxime-non-voluptatem-vel-quae-a-modi.html,Carpenter,fuchsia,1972-04-23,marian69@hotmail.com,"xaofU%pgn0$Z?""8%v`Z%"
999950cb-df33-3284-bfc4-6c00abe7eea7,Ms.,Madyson,Harvey,"58A Hickle Mountains",Poblacion,Tagum,Cotabato,"Saint Barthelemy",006-512-977,+540232274748,Reilly-Russel,http://balistreri.net/,"Medical Appliance Technician",green,1996-12-02,pedro02@yahoo.com,"l$~EV)U),N/|)7meWy["
d3eea71b-1c77-31b0-a1cd-5b04a2f26c11,Prof.,Natasha,Treutel,"19A Berge Lock",Poblacion,Bais,"La Union",Zimbabwe,385-451-473,+212911534615,"Lang and Sons",http://collier.com/commodi-sunt-aut-quis-quidem-voluptatem-maiores-mollitia.html,"Extruding and Drawing Machine Operator",olive,1995-01-27,aliza.williamson@gmail.com,B'tR{~Ks4n
cf109015-feff-3a7d-a5cb-000e290eee44,Prof.,Fred,Metz,"11/86 Metz Grove Apt. 152",Poblacion,Dasmariñas,"Davao del Norte",Iraq,815-175-708,+2695072029,"D'Amore, Stiedemann and Jacobi",http://stracke.net/incidunt-repudiandae-voluptatum-harum-nostrum.html,Cashier,aqua,1976-08-02,shaun.lind@yahoo.com,"""w.8}jP-\_J"
a4280aa9-d86a-3c26-bcff-12916646445e,Dr.,Melvina,Kling,"36A/68 Emard Estates Apt. 806",Poblacion,Malolos,"Nueva Vizcaya",France,113-676-133,+224026779704,"Ernser Ltd",https://pacocha.com/sit-non-error-cum-sunt-iusto-repellat-omnis-quia.html,"Vice President Of Human Resources",navy,1997-12-21,jkoelpin@gmail.com,++OXe;_#O4S<(='VE$.
52e0e54b-144d-3152-92b2-6e03347d9ead,Mr.,Bud,Von,"16/56 Hoppe Walks",Poblacion,Maasin,Palawan,Egypt,993-105-149,+2976747910,"Bartoletti PLC",http://www.buckridge.com/,"Medical Laboratory Technologist",yellow,1995-03-21,ubruen@nitzsche.biz,`2/]!/=k_TX*]e6X~V'
7b857015-89c1-3513-a1e1-1d5bd0b64aee,Miss,Garrison,Schiller,"40 Waelchi Manors",Poblacion,"Las Piñas","Ilocos Norte",Israel,393-590-185,+549998342510,Gutmann-Schumm,http://www.yundt.com/voluptas-labore-vero-possimus-repellendus,"Health Specialties Teacher",olive,2001-06-28,josh.goyette@hotmail.com,5s*!jUs
18926b0f-3139-3091-b5a2-eaf054a4cc82,Mr.,Grant,Bechtelar,"99A/18 Parker View Suite 011",Poblacion,"San Carlos","South Cotabato",Kenya,762-720-102,+50059324,Ward-Eichmann,https://www.romaguera.com/nisi-quos-illum-voluptates-excepturi-necessitatibus-soluta,"Gluing Machine Operator",blue,2017-11-12,jairo59@gmail.com,52N.^<<c)wU
3e75efa2-c347-3288-9ad1-e54304d378c3,Mr.,Ariane,Kulas,"74 Brekke Center",Poblacion,Valencia,Benguet,"United States Minor Outlying Islands",698-846-218,+900279941342,Wunsch-Stiedemann,http://www.senger.com/,"General Practitioner",fuchsia,1996-09-25,xorn@hotmail.com,"H6""o7U*0^Rqt"
73da2769-466f-35a3-8040-be7a55e3484e,Prof.,Brenda,Beier,"70A Parker Terrace",Poblacion,Bayugan,"Ilocos Norte",Egypt,030-117-049,+23651408935,"McClure, Rath and Torp",http://goodwin.com/exercitationem-ipsa-aut-quo,"Plumber OR Pipefitter OR Steamfitter",silver,2024-03-11,clark.monahan@goldner.com,+9M^IWM
69530c22-e826-3d22-ae33-29cec38db431,Ms.,Constantin,Torp,"34 Wolff Burgs Suite 077",Poblacion,Pasig,Kalinga,Turkmenistan,561-339-966,+18160913065,"Williamson Ltd",https://www.considine.com/reprehenderit-sed-corporis-voluptatem-ipsa,"Private Detective and Investigator",lime,2014-05-25,dhudson@yahoo.com,Zo78psT%z>RBz-d~62jx
37f25971-5786-3f3a-842b-3de1b453b473,Mr.,Della,Adams,"34 Ward Lock",Poblacion,Victorias,"Ilocos Sur",Greenland,536-960-227,+2636812331601,"Rogahn, Murray and Koss",https://www.davis.com/itaque-et-inventore-at-consectetur-quisquam-accusantium,"Precision Dyer",white,2006-12-26,kris.beth@mayer.com,.~lr_1d8SA5
45e0a782-762d-3ace-b87b-5d261a60c00c,Dr.,Frederic,Morar,"83A/41 Crona Summit",Poblacion,Bacolod,Aklan,"Antigua and Barbuda",177-043-813,+22275915693,Reilly-Leuschke,http://www.boehm.com/alias-aliquid-officia-saepe-excepturi.html,"Loan Officer",navy,2001-05-20,ikozey@gmail.com,+my_U&<@=
3f3d9f3b-d222-3f56-a206-71287c57c58d,Dr.,Brielle,Nicolas,"33/20 Weissnat Mission Suite 003",Poblacion,"San Fernando",Abra,Algeria,341-119-935,+242052109773,"Gusikowski, Feil and Koepp",http://sawayn.com/error-cupiditate-quidem-eum-libero-veritatis,"Agricultural Technician",teal,2019-04-07,ogrant@huel.biz,Lu?6Eh
1592b174-951e-37cc-b73a-69ea206a05a5,Ms.,Elza,Jacobson,"86/33 Erdman Rapid Apt. 944",Poblacion,Manila,"Ilocos Norte","United States Minor Outlying Islands",573-200-573,+37460905161,"Kertzmann and Sons",http://www.mitchell.net/,"Rehabilitation Counselor",lime,1996-02-15,braxton.cummings@hotmail.com,dH]PfplOzbGre
377829b0-f98f-35f9-9b3f-8b84303a9e32,Ms.,Julio,Powlowski,"45A/69 Dare Ford",Poblacion,Cabuyao,Bataan,"Sri Lanka",416-855-581,+2393609001,"Cartwright, Murray and Romaguera",http://www.rosenbaum.info/,Pharmacist,yellow,1973-08-02,pinkie57@erdman.biz,"j""NC-46C)ZK"
366a90c1-857d-3349-a999-70061c505640,Mr.,Henderson,Schowalter,"47A/69 Schuppe Trail",Poblacion,"Tarlac City","Nueva Vizcaya",Fiji,246-494-067,+242936280784,Huel-Cruickshank,https://www.towne.com/illum-debitis-optio-praesentium-possimus-nobis-odit,"Glass Cutting Machine Operator",purple,2024-06-27,qwalker@hotmail.com,"V9C48K?IrL),)*\"
42d479f3-69e7-38d4-b7a5-45386c230188,Mr.,Alfredo,Keebler,"12A Koepp Landing",Poblacion,"San Jose del Monte",Cebu,"Saint Martin",335-661-129,+34778738455,Altenwerth-Hegmann,https://witting.com/neque-magnam-repudiandae-soluta-explicabo-deserunt-in-facilis.html,"Transportation Equipment Painters",white,1984-01-11,verdie91@botsford.net,"|>r'A""f"
b9bd1315-aff6-3e9f-b94d-cd79012e917f,Mrs.,Leif,Schoen,"78A/54 Schmeler Heights",Poblacion,Passi,Masbate,Niue,857-946-618,+25729286002,"Dibbert, Mayer and Yundt",http://www.ward.org/ad-ex-odio-quae-dolorum-laudantium-dolor-occaecati,Chemist,olive,2011-07-07,opaucek@breitenberg.com,"@%Tk\dj~0QX!,R)R""""`"
d16d2e1a-64be-358a-a1be-ad70f6bf14ac,Dr.,Bryana,Ryan,"84 Schiller Harbor",Poblacion,Butuan,"Negros Oriental",Egypt,281-901-190,+9723580378932,"Brakus, Kunze and Hermann",http://bechtelar.com/unde-officiis-provident-at-quibusdam-est-provident-veritatis,"Metal Molding Operator",navy,2012-01-06,rohan.hyman@spinka.com,gMSj#@uLMrb}O
9dd94d3c-7ac7-3ee3-9ba1-04e62a8e75f8,Miss,Madelynn,Rice,"68 King Valley",Poblacion,Cabuyao,Bukidnon,Vietnam,946-080-889,+968334638802,"Williamson Inc",http://runolfsson.info/deleniti-id-sunt-doloribus,Courier,green,1989-04-18,halvorson.ismael@moore.com,.-}xoFWD[xLg~tiyE
39bc90aa-a2ff-3843-9e69-3bfbc1a36e60,Dr.,Cleo,Breitenberg,"42A/26 Price Burg Suite 851",Poblacion,Lamitan,Sorsogon,"Svalbard & Jan Mayen Islands",494-740-877,+34638392508,"O'Reilly, Bosco and Nader",http://sanford.org/doloribus-sit-non-facere-labore-aspernatur,"Soldering Machine Setter",navy,2013-05-03,jackson27@huels.info,":\sTNmJV"
35201624-88fd-326c-9bdd-e58911f33a5e,Dr.,Saul,Dach,"88A D'Amore Trail",Poblacion,Lapu-Lapu,Batangas,Cambodia,482-493-544,+8868936528651,"Schoen Ltd",http://www.vonrueden.info/,"Marine Architect",gray,2016-10-17,dlarkin@emmerich.com,"7]^-xKMK""d)ARR:"
b4ea922e-ebb2-32aa-89d1-8010aac7f8e9,Mrs.,Rosa,Koelpin,"39/18 Toy Crescent Apt. 574",Poblacion,"Surigao City",Maguindanao,"Christmas Island",970-302-177,+67018023568,"Jaskolski, Marks and Howe",http://schuppe.info/,"Battery Repairer",maroon,2017-08-02,hudson.americo@okuneva.com,"`O<),Yy,Be<x?A"")D>"
ff34d172-f3e5-3ceb-9606-0df131bbb284,Mr.,Aylin,Stroman,"82A Fadel Mountain",Poblacion,Tangub,"La Union",Gambia,672-934-633,+382777373493,"Spinka, Frami and Renner",http://bode.org/,"Tool and Die Maker",green,1975-03-05,meaghan80@yahoo.com,uLy`gW
0291c15e-a5e4-3636-ace4-a8fc09634de0,Dr.,Camille,O'Hara,"56/81 Shields Passage Apt. 779",Poblacion,Calapan,Sarangani,"Northern Mariana Islands",947-279-389,+359185677425,Kris-Morissette,http://www.bergstrom.info/id-quia-dolore-esse-veniam-soluta,"Clinical Laboratory Technician",olive,2022-10-07,gottlieb.colleen@thompson.com,rb]A$y
c0a7ed5f-dc69-355d-ad5a-5db44165b935,Ms.,Ted,Bechtelar,"35A Schmeler Vista",Poblacion,Tandag,Quezon,"United States of America",731-431-055,+299755134,Moen-Kunde,http://schuster.com/,"Emergency Management Specialist",silver,2007-08-04,trevion82@hotmail.com,kNogVZsL
7e5fbb43-8c22-362b-bf53-dad84c03066c,Mrs.,Madison,Gislason,"31A Boehm Haven Suite 595",Poblacion,Lapu-Lapu,"Oriental Mindoro",Malaysia,299-535-601,+9723788405767,Dibbert-Sipes,http://www.halvorson.com/nam-dolor-tempora-tenetur-ducimus-sunt-nesciunt-eum-dignissimos,"Education Teacher",silver,1989-10-06,jo.bosco@weissnat.com,AJ`c7bMX4yQOM
9d1e6fcd-40d4-3348-835f-41dc47705d96,Miss,Finn,Jerde,"99 Langworth Hollow Apt. 937",Poblacion,Antipolo,"Metro Manila",Nepal,025-868-489,+9604640804107,"Mueller, Runolfsson and Cassin",http://west.info/,"Fire Fighter",silver,1970-08-12,mills.andres@ratke.org,#4qp7N|LO
a290b6b1-8d5b-30e8-bb3d-99f96ad071f1,Mr.,Tatum,Huel,"50A Hessel Gardens",Poblacion,Tabaco,Sarangani,Egypt,090-277-676,+2978469456,Conn-Russel,http://beahan.org/reprehenderit-hic-incidunt-impedit-optio-quo-consequuntur-a-optio,"Team Assembler",navy,2012-08-16,laurel.mertz@hotmail.com,"""/rpKCyqx(@2n^"
ef2f11f6-4618-3faa-b0d1-e51466fb0fe7,Miss,Dalton,Dicki,"72A Moen Neck Apt. 912",Poblacion,Tagbilaran,Apayao,Guyana,680-746-063,+22391981379,"Bernhard, Altenwerth and Carroll",http://www.walker.com/qui-adipisci-minus-autem-nihil-ea.html,"Bus Driver",navy,1992-07-08,ygorczany@west.net,>cc+k_I]
6b9f06a0-1604-3d7e-ab63-9b8567217380,Mr.,Arch,Hartmann,"35A/84 Streich Bypass Suite 914",Poblacion,Catbalogan,Batangas,Bahrain,994-471-037,+23249594911,"Murray LLC",http://www.auer.org/,Machinist,gray,2023-12-25,owen83@dubuque.org,Ge1ihwC@&
d940847d-d6cb-34df-a387-375a04267db7,Mr.,Katherine,Johns,"31/69 Beatty Light Apt. 802",Poblacion,Mandaluyong,"Surigao del Norte",Maldives,209-625-723,+51819785058,"Crooks Ltd",https://www.kerluke.com/beatae-odio-ipsum-et-debitis-eum,"Textile Machine Operator",fuchsia,2001-09-18,dayne.dach@hotmail.com,'beM5&
48340115-0ab9-3a8c-927f-2f71df9796d2,Prof.,Kaleb,Wisoky,"42 Simonis Summit Suite 636",Poblacion,Valencia,"Mountain Province",Monaco,590-153-266,+252100709761,"Reichel, Baumbach and Nolan",http://heaney.com/nemo-facilis-qui-perferendis-animi,"HR Specialist",fuchsia,1991-01-18,marjorie92@emard.org,Wp2:Vb]IEE
0a5f59b3-3149-3f36-9ce4-167d13e4f188,Prof.,Virgil,Brekke,"26 Balistreri Squares",Poblacion,Baguio,"Negros Occidental","Saudi Arabia",673-267-606,+605718063156,"Goldner LLC",http://smith.com/necessitatibus-eos-qui-enim-deserunt-voluptatem-impedit-sed-deserunt.html,"Valve Repairer OR Regulator Repairer",olive,2019-11-26,conor14@considine.com,wL|U58!GcN)0>
21e1427c-bb33-325b-9953-1cd0b7f2d92d,Dr.,Jordyn,Becker,"33/51 Waelchi Stream",Poblacion,Lamitan,Zambales,"Costa Rica",208-210-183,+382021495207,"Dickinson, Bauch and Wintheiser",http://www.murray.com/repellendus-autem-numquam-at-ducimus-odio-sint-qui.html,"Retail Salesperson",blue,2009-12-09,ike.schneider@yahoo.com,a(Kd;5
d13344e8-e151-37f7-80f9-b523a449eee1,Dr.,Rose,Brekke,"54A/66 Considine Hill",Poblacion,Tanauan,Basilan,Egypt,184-851-597,+67023075430,"Purdy Group",https://koss.info/culpa-sed-ipsam-doloremque-esse-facere.html,"Terrazzo Workes and Finisher",purple,1978-02-07,scorkery@torp.com,O6cp{rj
06b9d2ea-fa99-34aa-b0ce-71afc8b44ac4,Prof.,Jany,Medhurst,"59A/04 Schinner Turnpike Apt. 139",Poblacion,Tanjay,"Ilocos Sur","Syrian Arab Republic",766-694-678,+2973112384,"Lebsack, Marks and Langosh",http://reichel.info/modi-est-quibusdam-adipisci-deserunt-numquam-ea-quis,"Dental Laboratory Technician",lime,1996-07-28,queen.bednar@gmail.com,DeQKQ?
22a137fd-5f42-32e5-907f-d406d7396cd0,Dr.,Roy,Boehm,"60 Hegmann Row",Poblacion,Toledo,Maguindanao,Guam,120-130-580,+37165396049,"Schamberger and Sons",http://www.nicolas.com/iure-totam-ea-repellendus-modi-possimus.html,"Electrical Sales Representative",green,1980-12-11,lurline40@reynolds.org,"h(Ntnd\"
c0a51c89-ebb2-34e8-ab94-985c4e58c688,Ms.,Mikel,Bergstrom,"59/23 Upton Ridge Apt. 112",Poblacion,Antipolo,Siquijor,Greece,340-483-585,+313817780443,Heathcote-Jast,http://hauck.biz/aperiam-quasi-recusandae-dicta-ut-est-similique.html,"Health Specialties Teacher",yellow,2003-10-31,grippin@gmail.com,$jIJD]39w0=d~(3D=.]C
fa9d793b-8804-323f-879c-d722ba440b76,Miss,Bianka,Prosacco,"25A/88 Schuster Point Apt. 483",Poblacion,Victorias,Sulu,Philippines,106-936-837,+6918495688,Hickle-McKenzie,https://luettgen.com/natus-expedita-quaerat-et-asperiores-modi.html,"Radiologic Technologist",blue,1976-07-22,aileen04@yahoo.com,"0@Ez2lE,A^x=A#K8kEU"
f3a12baa-55f2-336b-8a72-4d9d12b38571,Prof.,Marc,Leffler,"30A/16 Leffler Stravenue Apt. 469",Poblacion,Pasig,"Northern Samar","United States Virgin Islands",174-981-470,+22824797048,"Eichmann, Walter and Schuppe",http://spinka.com/culpa-velit-velit-et-dolorum-reprehenderit-laudantium,"Construction Equipment Operator",purple,2023-05-29,hand.eldridge@hotmail.com,fRF#'(We?[!|J)
39643dfe-9a9e-341d-b06a-a47731e413eb,Dr.,Alexane,Walter,"79A/50 Lemke Landing",Poblacion,Digos,"Davao del Norte","United States Minor Outlying Islands",501-634-294,+218811785483,"Torphy, Mohr and Morar",http://donnelly.org/est-labore-labore-qui-minima-iste-velit-explicabo,"Night Shift",olive,1974-07-04,ena29@hotmail.com,57)lgWS@Ge
46c13177-3ef5-3c19-8c9f-b3015aa2c32f,Prof.,Aileen,Raynor,"45A Beatty Cliff Apt. 823",Poblacion,Laoag,Kalinga,"Hong Kong",399-185-542,+242511117154,"Thompson, Simonis and Boyle",http://ledner.com/et-accusamus-cupiditate-qui-recusandae-quos-dolores-quia-repudiandae,"Sawing Machine Operator",aqua,2022-03-21,angela97@hammes.com,"`7yAc4B$:Q7Y\c["
2c249008-086a-39e3-81f8-f5f385d3f942,Ms.,Valerie,Powlowski,"91 Koss Stravenue",Poblacion,Tagaytay,"Dinagat Islands","Sao Tome and Principe",451-967-369,+23552254647,"Gleason, Zulauf and Reinger",http://www.denesik.info/,"Coremaking Machine Operator",blue,1997-02-13,umuller@hotmail.com,"Xu70o`)mMGV$b,)h~||\"
505a954b-8b84-388d-9724-3bbd8a660479,Mrs.,Kailey,Doyle,"06A Stroman Vista Suite 649",Poblacion,Iriga,"Eastern Samar",Kiribati,505-768-199,+231527072652,"Langosh, Waelchi and Quigley",http://doyle.com/ut-maxime-dolore-incidunt-magni-illo-iusto-sunt-soluta.html,Electrotyper,lime,1992-04-09,kaylee81@yahoo.com,^J(rk*KjT9g`
701286de-ba55-35a0-998b-5c758f6ed94d,Dr.,Haylee,Emard,"20A/44 Sauer Rapids Apt. 335",Poblacion,Tanjay,"Surigao del Norte",Philippines,738-337-017,+247560014,"D'Amore Ltd",https://www.rowe.org/et-quaerat-eveniet-dolorum-quis-esse,"Airfield Operations Specialist",green,2017-02-27,koss.meaghan@konopelski.com,"D@;e,ZsG/.,H}"
cde35965-57af-37b0-b884-3a69d8b6cb4f,Prof.,Jimmie,Windler,"46 Beatty Drive",Poblacion,Escalante,Samar,Ethiopia,068-398-938,+251024570079,Brown-Kling,http://howe.com/quo-dolorem-quam-qui-omnis-odio-unde.html,"Typesetting Machine Operator",aqua,1978-05-29,azieme@yahoo.com,5m~EdmkIHOe[YFffr
6833b24d-f311-3a30-a55f-63cd7e1fe8e6,Ms.,Adalberto,Upton,"82 Osinski Forge",Poblacion,Tabaco,"Camarines Sur",Tonga,734-675-705,+633921890745,"Dietrich, Koch and Lockman",http://wiegand.com/,"Molding Machine Operator",lime,1988-07-16,halle.littel@hauck.com,XiDRm9n
f01e3de7-550b-3ee3-ae6d-0176a698f2bb,Mrs.,Kamron,Bode,"91 Greenholt Throughway Suite 325",Poblacion,Roxas,Ifugao,Comoros,274-573-032,+41790275521,"Wisozk, Boehm and Nienow",http://www.mclaughlin.com/dolor-iusto-animi-porro.html,"Social Scientists",blue,1975-03-18,haley08@koss.com,"&2p0n<QQDW*Tt,i"
21b18c36-631d-3900-a66d-b27d9262f1d5,Mr.,Mariane,Kling,"42A/65 Jerde Glen Apt. 367",Poblacion,"Cebu City",Rizal,"United States Minor Outlying Islands",204-876-817,+6913682364,"Kreiger PLC",http://batz.com/id-sed-fugiat-eos-ut-et.html,"Electronic Equipment Assembler",purple,2006-09-08,andreane.gutmann@gmail.com,"d~.m](b""/R{;"
5c89f3af-5325-3248-a735-0f1edd114078,Dr.,Meggie,Reichert,"35/93 Graham Lake Suite 354",Poblacion,Tuguegarao,Capiz,Bhutan,330-788-264,+8557696453139,"Murphy Inc",http://jacobson.org/dolorem-omnis-ut-et-quia-dolores-ut-iusto-deleniti,Artist,blue,1987-05-22,dwilliamson@hotmail.com,1[F$<8'IgmBP:xO
ddc844bb-5f46-37b1-ad4a-52b3eb2ba2f2,Ms.,Hildegard,Fahey,"55 Ullrich Lakes Suite 950",Poblacion,Gingoog,Laguna,Bhutan,181-748-923,+85335219350,Hettinger-Morissette,http://mcdermott.org/eaque-totam-veniam-omnis-similique-ex-accusamus-et.html,"Environmental Engineer",silver,1977-12-01,gmcdermott@gmail.com,"rbDq-,"
157c5e18-c8d3-3559-9950-8657bcb29caf,Miss,Alba,Quigley,"43 Ullrich Mill",Poblacion,Palayan,"Lanao del Norte",Maldives,147-328-136,+264883529343,Monahan-Gleichner,http://volkman.net/beatae-est-alias-nam-temporibus-nihil-dolorum,"Host and Hostess",navy,1995-03-18,kade.ryan@hegmann.com,EN_c>4otVf+2Ea-]=x<
3cafc4c7-9aef-3c20-bb57-0f2b52043fc9,Prof.,Lizzie,Powlowski,"47/28 Skiles River",Poblacion,Silay,Antique,"Syrian Arab Republic",622-192-999,+387448695299,Howe-Marks,http://www.lebsack.com/quae-corrupti-ut-similique.html,Silversmith,silver,2000-10-16,ghuel@yahoo.com,"jjN<JV%K{Q-\P"
18b00e02-7d12-32fe-897f-7aa22e748677,Dr.,Bennie,Blick,"64/96 Franecki Stream Apt. 859",Poblacion,Caloocan,"Zamboanga del Sur",Lithuania,608-811-675,+657467344752,"Bartell, Pouros and Bernhard",http://trantow.biz/,"Painting Machine Operator",white,2013-03-22,bernhard.diana@miller.info,/8P!_l
54b812e4-a48a-3df0-bc75-060c8c907738,Dr.,Rigoberto,Gutmann,"14A Spinka Station",Poblacion,Dipolog,"Eastern Samar",Malta,676-329-235,+50548018808,"Rath and Sons",https://www.marquardt.org/magnam-sequi-libero-illo-dolore-quos-consectetur-et,"Motor Vehicle Operator",aqua,1994-11-08,margarita.funk@feest.info,"zuJSyk""dH(38"
6124c035-5f3f-39e3-916f-7940080c138f,Dr.,Jacinto,Hirthe,"11/24 Batz Via",Poblacion,Sagay,Sulu,"South Africa",795-250-320,+9777806753625,Grimes-Deckow,http://www.auer.com/eum-molestiae-eligendi-deleniti-enim-ipsa-inventore-impedit,Lifeguard,olive,1996-07-12,sfadel@rau.org,"!Owg""4^+d0xDk"
7508b52e-a01a-3058-91bd-b4fffbc3a7a2,Mr.,Jessy,Aufderhar,"53 Bode Ridge",Poblacion,Passi,Capiz,Angola,639-990-783,+985032403438,"Wehner Ltd",http://www.macejkovic.com/et-vitae-sit-laborum-quod-quibusdam-eos-et.html,"Ship Pilot",silver,1970-07-27,nova11@yahoo.com,TfV#5*Q
75343c3b-8330-3187-b14c-fb0609e56189,Prof.,Ole,Collier,"60 Haley Wells",Poblacion,Baybay,"Metro Manila",Rwanda,944-017-154,+50685182726,Tillman-Ondricka,http://schowalter.biz/nulla-aperiam-accusamus-deleniti-officia-ex-quas-earum-praesentium,"Parking Enforcement Worker",black,2002-02-03,mueller.connie@walsh.biz,Qz6wKMDNgnhAA]
2029b8cc-438e-383b-9eca-0c19e9c760b0,Prof.,Demetris,Champlin,"58/56 Bogisich Springs Suite 385",Poblacion,"Quezon City",Cavite,Suriname,646-540-408,+23238480163,"Balistreri PLC",http://www.beer.biz/,Sociologist,blue,2002-02-08,richie.friesen@leuschke.com,n>y>&fQLH
a918906e-530f-3008-bb69-bdcb437aaeac,Mr.,Moshe,Klocko,"77 Considine Extension",Poblacion,"Davao City",Sarangani,"Saint Kitts and Nevis",655-914-035,+37038710293,Eichmann-Murray,http://dicki.com/et-qui-molestiae-dolorum-harum-eum.html,"Chemical Engineer",lime,1980-09-03,aletha.harris@gmail.com,";s#`lSN^-\%ImiU"
324400aa-3b89-3418-b104-0c72c3594c83,Mrs.,Rebekah,Volkman,"63A/12 Goodwin Shoals Apt. 253",Poblacion,Iriga,Maguindanao,Guernsey,423-379-569,+468063717491,"Wyman, Effertz and Turner",https://blick.com/reprehenderit-ut-et-eligendi-cum-repudiandae-neque-numquam-aut.html,"Sound Engineering Technician",lime,1993-08-27,uschaefer@swift.com,"8$G_\QQkr8<46G*@QxxM"
aae4ce48-7635-3ba7-8ae9-ea217c2813e4,Miss,Clemmie,Kirlin,"88A McKenzie Falls Suite 283",Poblacion,Bayawan,"Ilocos Norte",Kazakhstan,483-828-012,+299717663,"Gaylord, Aufderhar and Torphy",http://www.kris.com/rerum-ut-et-exercitationem-aliquid-quis,"Recreational Therapist",gray,2020-06-04,ivah36@yost.info,"rM4""TlNLz"
7007780f-b727-3ba9-9054-f1796ad1b8e2,Dr.,Roxanne,Lynch,"52A/76 Cassin Burg Apt. 573",Poblacion,Tagaytay,Capiz,"Dominican Republic",263-624-294,+243902030636,"Reichert, Kerluke and Ondricka",https://bins.com/sit-animi-odit-eveniet-dignissimos-aliquam-iure-ipsa.html,"Mold Maker",silver,2007-10-19,price@gmail.com,mf<+#EtXz)x#)A
ce8c84f1-5d63-3b7c-bb01-8320857c3f68,Prof.,Abbey,Nienow,"80 Lehner Village Apt. 064",Poblacion,"Cotabato City",Quirino,Mali,886-452-783,+313362567745,"Sanford Inc",http://schaden.com/,"Home Economics Teacher",gray,2012-11-14,wokuneva@braun.com,"o;\3,LR.j.n:\'L"
8a709bb7-db44-3c54-9b80-4deba235f674,Miss,Palma,Nikolaus,"13A/87 Schumm Junctions Suite 757",Poblacion,Carcar,"Surigao del Sur",Belize,417-540-326,+641805987659,"Ward, Champlin and Altenwerth",http://gaylord.com/et-ipsa-non-cum-eum,"Political Scientist",gray,1973-02-19,bergstrom.carolanne@yahoo.com,aC0M]n8`0}
34bc5e30-91e3-3835-930f-c7abf1c85be2,Prof.,Retta,O'Keefe,"82A/89 Koepp Branch",Poblacion,Baguio,"Southern Leyte","Saint Helena",639-086-658,+985948452538,Kunde-Oberbrunner,http://gleason.com/,"Mechanical Drafter",silver,1993-04-22,rosemarie.hegmann@hotmail.com,"s9Nx,K;d"
8789a063-bb04-30a7-b917-d276488680cb,Prof.,Peyton,Becker,"36 Spencer Junction Apt. 301",Poblacion,Tabuk,"Ilocos Sur",Liechtenstein,686-152-324,+6799525082,"Schuster and Sons",http://www.schumm.com/,"Material Moving Worker",blue,1984-02-28,hhansen@hotmail.com,ir)G|mE<L
ac621b71-164a-374a-88ec-0680a0d585b0,Miss,Nella,Jacobson,"82A/72 Kuhlman Stravenue Suite 572",Poblacion,Alaminos,"Zamboanga del Sur",Guinea-Bissau,781-129-977,+3584749071797,Hodkiewicz-Toy,https://ullrich.com/molestiae-sit-necessitatibus-quia-enim-in-dignissimos.html,"Forming Machine Operator",gray,2020-01-10,wilkinson.deontae@hotmail.com,|1=f_AVn5Q
5b7122a4-27af-3506-a4cc-f9befeb45948,Mrs.,Emmalee,Schoen,"15A/18 Fritsch Manor",Poblacion,"San Pablo",Pampanga,Belize,391-905-546,+594379453411,"Schaden Ltd",https://maggio.net/quidem-at-molestiae-odit-voluptates-laboriosam-mollitia-est.html,"Set and Exhibit Designer",white,2014-09-04,gkuhn@lehner.com,gx=H^En.
9306c890-a0a8-3c7e-920e-ce388e3c9a74,Mr.,Davin,Hegmann,"53/79 McClure Trail",Poblacion,Muñoz,Aklan,Luxembourg,960-163-896,+6882370868,Conroy-Ernser,http://emard.info/modi-mollitia-mollitia-voluptate-tempore-sed-veritatis-nesciunt.html,Jeweler,blue,1996-05-29,ptrantow@stracke.org,@%mMzdX*o+#c;K
2b95aa4b-c82b-3915-a80a-e418499c7c6e,Dr.,Brittany,Little,"65/99 Wunsch Greens Apt. 175",Poblacion,Muñoz,"Agusan del Norte","United Kingdom",334-012-827,+78470014512,"Zboncak and Sons",http://bauch.com/quis-consequatur-iure-labore-dolores-explicabo-at-ratione.html,"Automotive Master Mechanic",blue,1977-12-30,kjacobi@yahoo.com,.5CD[qHB5y|
27a9eb7f-61de-32cf-b231-138218e29b81,Ms.,Raul,Heller,"42A/46 Mante Mews",Poblacion,Calbayog,"Camarines Sur",Haiti,714-384-384,+6905494500,"Graham Ltd",http://www.kerluke.org/facilis-aliquam-sint-non-consequatur-laborum-quisquam-voluptatem-culpa,Lifeguard,teal,1978-09-17,lillian48@hotmail.com,$(Qr$5
ebd83186-d33c-37a3-9c3c-15f49ad36cb1,Prof.,Tremayne,Hauck,"96A/21 Lockman Mountain Apt. 793",Poblacion,Pagadian,Antique,"Saint Helena",994-823-544,+9707857662524,Auer-Kling,http://www.stoltenberg.com/nobis-adipisci-et-ut-repudiandae.html,"Parking Lot Attendant",lime,1997-01-23,ugrimes@yahoo.com,2{qf934=dD
c331272a-1c2e-3406-a500-0e032b9ab4f5,Prof.,Emilie,Cummerata,"17/91 Kautzer Estate",Poblacion,Caloocan,"Davao del Sur",Bahrain,727-217-767,+22241485656,"Armstrong, Larkin and Smith",http://treutel.com/itaque-quia-qui-doloribus-nemo,"Signal Repairer OR Track Switch Repairer",lime,2014-06-28,thea18@hagenes.biz,"Q4>+9fK""}o?B-Z"
82ce1403-8366-3a07-9852-5ea8e1408851,Prof.,Xavier,Leannon,"88/74 Thiel Knoll",Poblacion,"San Fernando","Ilocos Sur",Norway,109-627-477,+423670956562,"Mills PLC",http://www.emard.org/tempore-qui-velit-libero-dolores-qui-consequuntur,"Precision Mold and Pattern Caster",gray,2023-10-16,igoyette@hoeger.com,RO.9qv{4tbJJ
1f0705b6-7779-3872-ac96-1fc1e06acf82,Mr.,Judge,Daugherty,"38A Kuvalis Dale Apt. 325",Poblacion,Guihulngan,"Nueva Vizcaya","Equatorial Guinea",120-207-735,+8501394458346,Mertz-Satterfield,http://jenkins.com/neque-rerum-esse-nihil,"Correctional Officer",aqua,2003-07-24,sbradtke@rippin.com,"yH@F""aej#`Z"
824e3b93-4fdd-37bf-914c-49c5639cb27b,Prof.,Shany,Vandervort,"56A McKenzie Pass Apt. 175",Poblacion,"Zamboanga City",Leyte,"San Marino",352-803-678,+573974096482,"Yost, Smitham and VonRueden",http://brakus.biz/molestiae-dolores-molestiae-repudiandae.html,Assembler,lime,1979-09-28,walsh.wellington@yahoo.com,"]471V+kKd+o>c,aw"
1924b025-c60b-3f8a-b4d6-ca2a9086b940,Miss,Anna,Lakin,"44A/40 Tremblay Point Apt. 571",Poblacion,Koronadal,Biliran,Sweden,416-053-512,+3582676244765,"Stehr PLC",http://www.mccullough.info/,Editor,maroon,1994-02-21,treutel.arlie@reilly.com,"4M\Jt!VhCywcnA-U"
3f97282b-ad9b-3ed2-8b11-79359b0c3445,Prof.,Eudora,Veum,"54A/96 Hamill Mission Suite 085",Poblacion,Urdaneta,Biliran,Sweden,270-279-162,+8869696960393,"Shanahan and Sons",http://gerhold.com/quia-consequuntur-porro-dolorem-dolor,"Funeral Attendant",fuchsia,1998-01-22,vincent.doyle@boyer.com,:8ISILJ%BKa=t6iA
a0ba1fb9-d390-3f92-926c-63715b6f83b5,Ms.,Alexzander,Wilderman,"96A Walsh Wells Apt. 931",Poblacion,Roxas,"South Cotabato",Belarus,273-243-335,+6851334133966,Corkery-Haley,https://www.davis.org/accusamus-aut-atque-sunt-laudantium-quis,"Graduate Teaching Assistant",black,1996-10-20,amy.gerlach@hotmail.com,o=xf_A?`$wVgQqq<
0aed151e-032a-39f6-b82d-4857cd1ff01f,Mrs.,Kennedy,Kuvalis,"94 O'Hara Mall Apt. 734",Poblacion,Cabuyao,Sarangani,Djibouti,782-208-560,+244647338661,"Bins, Johns and White",http://lindgren.info/error-molestias-alias-nulla-saepe-distinctio-nihil-aut,Millwright,purple,1984-01-04,maximilian51@gmail.com,/&/AMt'zc?Mp
3ecb26c5-dee0-35d0-ae65-a6d7ffcdda99,Dr.,Fannie,Jakubowski,"47/62 Rogahn Station Apt. 764",Poblacion,Marikina,Zambales,Togo,265-946-102,+351533503760,"White and Sons",http://wehner.com/,"Electronic Drafter",teal,1970-02-14,feil.bertram@bartell.net,"7E+\Bw44]<y"
57f0a984-dc94-38e7-8dd5-cd128b075571,Miss,Isabella,Gutmann,"11 Smitham Shores Suite 302",Poblacion,Malabon,"Ilocos Sur",Barbados,668-472-536,+23271393954,Buckridge-Bailey,https://vonrueden.org/aut-adipisci-rerum-laboriosam-qui-similique.html,"Railroad Yard Worker",lime,2018-11-29,annetta.kovacek@yahoo.com,3tO(B%`ZBs
9b404b5f-ec78-36b2-a433-a4f670ad8974,Prof.,Mason,Oberbrunner,"47A/41 Kuvalis Forks",Poblacion,Dipolog,"Ilocos Sur",Peru,991-869-932,+852777695076,"Morissette, Olson and Stokes",http://www.dare.com/consequatur-aut-sunt-consectetur-vel-voluptatem-blanditiis-a.html,"Business Teacher",lime,2014-09-09,damore.brielle@carroll.com,T!VgoYeX0bp
f67a69d5-7ade-38af-a6e8-2f0a486de1ad,Prof.,Rodger,Schoen,"42 Stanton Rue",Poblacion,Ozamiz,Abra,Haiti,264-476-308,+423696474064,Wilderman-Schmidt,http://www.buckridge.com/reiciendis-aperiam-sed-asperiores-iure-reiciendis-omnis-ipsam,"Organizational Development Manager",purple,1986-04-28,roberto43@yahoo.com,a>i%EE(&]l1eLnp_qr)x
6efdd269-1ff7-3077-af06-8e7c2d10bdf7,Prof.,Drew,Bernier,"46A/78 Marks Manors Apt. 563",Poblacion,Ormoc,"Oriental Mindoro","Holy See (Vatican City State)",686-496-566,+68688919037,"Padberg and Sons",http://www.stokes.com/autem-ipsam-neque-est-dicta,"Control Valve Installer",purple,2010-03-17,mandy58@hotmail.com,"9^rcm0""%;@"
b1033d55-7eee-3a09-ae41-b384a25f4df8,Miss,Karen,Considine,"41A/69 Harvey Row",Poblacion,Lamitan,Zambales,Albania,128-219-947,+883434725524,O'Hara-Johnston,http://bogan.com/,"Maintenance Supervisor",silver,1980-11-16,lila.ferry@stracke.biz,[d?lQ'm>6`wioc6J
a049edd1-d5d4-32a8-8b0a-04d0e043d8e5,Dr.,Therese,McClure,"14A Klein Forges Suite 370",Poblacion,Marawi,"Surigao del Norte",Cameroon,413-822-568,+420527810483,"Hill Inc",http://www.klocko.net/ab-dolor-autem-culpa-vitae-debitis.html,"Secondary School Teacher",lime,2020-10-20,flatley.maud@gmail.com,<W>ZqI_[Nid>1y:ok
647545ba-ed3a-3cc3-926c-eb1315a2e60e,Prof.,Chaya,Kessler,"65/33 Erdman Junctions",Poblacion,Tabuk,"Surigao del Sur",Bhutan,936-859-461,+23239782179,"Hoeger, Grady and O'Kon",http://www.prosacco.info/qui-ut-ab-id-reiciendis-distinctio,"Building Inspector",gray,2017-07-17,walker.ariane@hoeger.com,nUOU``LjxI]iw
175a84ac-7e8d-35c9-9642-b5e9cd905135,Mr.,Jovany,Rogahn,"64A Mohr Forges Suite 394",Poblacion,Legazpi,"Negros Oriental",Anguilla,290-326-118,+237780149785,"Pouros and Sons",http://muller.com/,"Separating Machine Operators",white,1984-08-18,njones@turcotte.com,Zzpewdo
f6ebc453-4565-3b50-9fcd-d56288af299e,Mrs.,Emanuel,Stokes,"49A/60 Mertz Lakes Suite 521",Poblacion,"Davao City",Antique,Uzbekistan,256-649-799,+50584457001,Davis-Wolf,http://abernathy.info/aperiam-voluptatem-et-odit,"Social Service Specialists",aqua,2016-04-09,donna03@heidenreich.com,])f`fiJu@arCk'#>B
b673dbed-18fa-3236-bfb3-cfc73db35b63,Mr.,Kathlyn,Hill,"30 Jerde Cove",Poblacion,Ormoc,Bohol,"Saint Lucia",717-348-351,+37332197639,"Nitzsche, Hilpert and Russel",https://emmerich.com/eos-voluptatem-non-ipsam-esse-cupiditate-repellat.html,Stonemason,black,1987-06-22,cleta54@hotmail.com,">@w(M2N%7FY,5FI/=2"
16d818bc-2dcf-39d2-a30c-3eef9453b05c,Miss,Tre,Kiehn,"46A Bergstrom Keys",Poblacion,"Las Piñas","Mountain Province","Cocos (Keeling) Islands",312-505-148,+268077458126,"Medhurst Inc",http://www.goldner.org/dolorem-corporis-error-molestias-ipsam-pariatur-cupiditate,"Weapons Specialists",silver,2010-12-14,jason88@yahoo.com,ZwaevA-#i?ra'7>W
1a393e12-a7d9-37f7-8772-7f81cb1550b0,Miss,Wilhelm,Heathcote,"23 Runte Springs Apt. 381",Poblacion,Bais,"Southern Leyte",Maldives,227-481-683,+298086809,"Gerlach Ltd",https://www.hilpert.com/iste-assumenda-ducimus-voluptas-repellendus,"Insurance Underwriter",blue,2015-06-15,greenfelder.savion@kihn.com,^UvrtSS(GV!N*
8eb64472-966b-3d6a-8327-6976ab837e7d,Mr.,Candace,Botsford,"59A/19 Feeney Extensions",Poblacion,Tacurong,Quirino,Argentina,368-881-221,+32882575128,Wilkinson-Reilly,http://osinski.com/,"Sound Engineering Technician",yellow,1973-01-12,kunze.janis@white.com,a3hT5bD?w-SY@
3e87e5ce-d607-35ee-b97c-c363e1502786,Ms.,Nedra,Marks,"13A/07 Olson Inlet",Poblacion,"Quezon City","Davao Oriental",Vanuatu,393-232-829,+9708463910491,"Windler, Kulas and Volkman",http://hayes.com/,"Tire Changer",gray,2015-01-07,trevion.hayes@gmail.com,Io~8=(`(u>+VD+3
0a450121-ae65-35b7-b988-c763b8887a31,Dr.,Damian,Hodkiewicz,"43 Monahan Junction",Poblacion,Bislig,"Metro Manila","Antigua and Barbuda",700-212-226,+687512458,Stamm-Hansen,http://fay.biz/libero-aut-mollitia-recusandae-ut-possimus-ab-aut,"House Cleaner",navy,2018-09-29,jazlyn.zulauf@yahoo.com,"#s#:7V%$9.,N"
c379e8e2-003f-3053-b43e-c65414b0825b,Dr.,Myrtie,Johnston,"87/52 King Canyon",Poblacion,Manila,Cotabato,Macao,071-370-098,+218303140982,"Wolff, Spencer and Streich",http://www.johnston.biz/saepe-veniam-ullam-nostrum-neque-excepturi-sapiente,"Psychiatric Technician",aqua,2024-05-03,jacobi.lauryn@runolfsson.com,"3<Z9Eia5udkD;""Q]"
dac4bb39-7372-3b63-9a88-714b2217f7c1,Dr.,Camilla,Becker,"79/82 Lynch Station",Poblacion,"Santa Rosa","Compostela Valley",Zimbabwe,586-263-261,+22937806329,"Senger Inc",http://www.abernathy.com/qui-quidem-repellat-rem-et-ut,"Freight Agent",purple,1992-09-19,lenora.kihn@blanda.info,a)+s&%a
63f11d00-0795-3129-ba0d-16c360be575a,Ms.,Catherine,Okuneva,"00A/65 Barton Court Suite 366",Poblacion,Talisay,"Surigao del Sur",Oman,646-184-088,+461516421952,"Kulas, Cole and Hayes",http://hamill.com/,"Freight Agent",navy,1970-04-12,bergstrom.tierra@gmail.com,iHeI&b/p!E]U
604a97c6-237c-3594-9521-3cbb0c8883a9,Dr.,Hailie,Gerlach,"53/33 Conn Prairie Suite 162",Poblacion,"San Pablo",Masbate,Nicaragua,267-878-860,+6920045017,Eichmann-Glover,http://carter.com/,"Personnel Recruiter",fuchsia,2006-05-16,conner98@emmerich.com,.9z_8N;kR|WB%;(52&
1f331950-15fd-367c-87c2-b853d21d5333,Prof.,Kaelyn,Renner,"50 Will Plain",Poblacion,"San Jose",Aurora,Turkey,925-727-806,+245737109361,"Torp, Pagac and Schumm",http://willms.info/ipsa-et-ipsam-commodi-qui-qui,"Motion Picture Projectionist",aqua,2006-04-02,hmraz@huels.com,"8nWI%\"
8ba65304-36df-3959-a87c-0ca95e1465aa,Prof.,Yvonne,Kilback,"18A Murazik Street",Poblacion,"Iloilo City",Benguet,Pakistan,827-231-803,+996824595594,Douglas-Schuppe,http://ernser.com/nesciunt-inventore-magni-eveniet-possimus-dolor.html,Woodworker,maroon,2007-07-03,kabbott@thiel.org,-7lf%zYk]*m<?
e0ea7e69-8ed0-3d17-8920-24a2207f4e29,Prof.,Clay,Hilpert,"87 O'Hara Square Suite 805",Poblacion,"Cebu City",Iloilo,Afghanistan,730-665-149,+32561923636,"Morissette, Brown and Considine",http://www.friesen.com/facere-et-ea-ut-maiores-nemo-nesciunt-unde,Inspector,black,2016-03-10,adrain56@kling.com,6yoJ?|<';i>Z
49f6c42c-1209-3eab-b89a-1faafe4c9d06,Dr.,Joaquin,Bins,"98 Langworth Summit Suite 552",Poblacion,Bago,"Camarines Norte","Saint Pierre and Miquelon",382-998-304,+23052943834,Lubowitz-Rosenbaum,https://willms.biz/quis-aut-similique-doloremque-a.html,"Agricultural Crop Worker",navy,2015-07-12,blebsack@gmail.com,"eV%s[rLo,;!]vSQG+S"
2e35924c-50b7-3520-86dd-0cb9c792d28c,Dr.,Shana,Keebler,"14A Welch Mill",Poblacion,Marawi,Romblon,Belarus,924-632-497,+255126655252,"Stanton, Flatley and Turner",http://www.cartwright.biz/veniam-aliquid-ducimus-dolorem-dolor-saepe-est-ex-fugiat,Recruiter,fuchsia,1994-09-01,olson.darius@hotmail.com,">\q)M!mazW&9c"
a8be8141-9e42-3cb5-9f5e-09801a5afc5f,Ms.,Tyrel,Mills,"47A/25 Ritchie Tunnel Apt. 657",Poblacion,"San Fernando",Camiguin,"Western Sahara",742-441-397,+594057957459,Parker-Watsica,https://veum.net/consequatur-sapiente-eos-et-eligendi-consequuntur.html,"Electrical Engineer",purple,1995-03-19,gavin51@gmail.com,G.SA}5-@N
e929fbd4-8b1b-3464-922c-4f6f6b9c09c6,Ms.,Margarita,Altenwerth,"40/59 Deckow Fords",Poblacion,Muñoz,Sarangani,Netherlands,777-103-405,+2690447980,"Johnston Group",http://towne.info/dolores-deleniti-beatae-praesentium-corrupti.html,"Plant and System Operator",navy,1986-11-21,laurie25@haley.org,"AMPca}]r{e%""#4P""S"
0215ed53-7257-3b9e-929d-dd00d6d9dc04,Miss,Roberto,Rempel,"42A Tremblay Run",Poblacion,Calbayog,"La Union","Holy See (Vatican City State)",182-044-315,+23201689226,"Koss PLC",http://www.block.com/,"Computer Systems Analyst",fuchsia,2005-10-25,lou.hessel@hotmail.com,L#Mws&{ue[O7E>p;@uzJ
17dd37f9-dd65-3c71-ab6c-923856b214b3,Dr.,Carolanne,Becker,"64/99 Bode Keys",Poblacion,Dapitan,Benguet,"Faroe Islands",538-203-396,+883028119387,"Feil, Williamson and Larson",http://bradtke.net/enim-voluptatem-autem-magnam-quaerat-qui-earum.html,"Director Of Marketing",fuchsia,2015-06-23,jaydon.wisozk@west.info,"@]~jgnY,#ejxYpC1I4"
cea71803-7461-385e-90f9-7fa5ccf86f04,Prof.,Nathaniel,Cartwright,"67/30 Roberts Trafficway",Poblacion,Tandag,Batangas,Turkmenistan,695-022-231,+3751966138032,"Beer, Gleichner and Hilpert",http://www.olson.org/,"Medical Records Technician",purple,1995-06-07,sarina.effertz@gmail.com,i^?&*;a&F[S&K68.RvW
b215bf26-9bdd-35b0-bba9-783a4d9676bb,Dr.,Emelie,Stracke,"98 Marvin Points Suite 200",Poblacion,Lamitan,Laguna,"Norfolk Island",118-949-813,+3526392855428,"Mills LLC",http://www.koss.com/ad-sed-qui-accusantium-quod-impedit-et,Carpenter,maroon,2018-03-08,pgerhold@feest.net,U$MX'_bq%5(
aed09816-5b63-3739-bf13-805957fdf5c7,Mr.,Abel,Nicolas,"87A Rolfson Lakes Suite 134",Poblacion,Santiago,Abra,Zimbabwe,482-573-376,+68251157,"Kohler, Gerhold and Schinner",http://www.sipes.net/,"Orthotist OR Prosthetist",purple,1982-04-30,sunny.gaylord@zboncak.net,"UBuYA%th,;,hI|700|"
1ab617c6-341c-362e-9eef-70caaa4a3313,Dr.,Jerald,Sipes,"73 Waelchi Circle",Poblacion,Valencia,Biliran,Italy,452-573-071,+262325617665,Beier-Rosenbaum,http://pfannerstill.com/rerum-iste-eaque-aliquid-sint.html,"Insurance Claims Clerk",lime,2003-12-11,turcotte.berry@runte.com,d~Vwpm=x)H
35494b1c-0e45-3ac7-88d4-ed611dc335f1,Dr.,Kathlyn,Satterfield,"42/57 Wolff Path Apt. 128",Poblacion,Talisay,Albay,Swaziland,198-932-132,+3758074693864,"Ledner, Emard and Harris",http://murphy.info/voluptatum-est-molestiae-adipisci-aut,Carver,gray,2013-01-22,kzieme@hotmail.com,=[p6s2-T5i8ZGa9ED4
b1da01f8-2d30-399d-8b6d-2b902854968d,Prof.,Odie,DuBuque,"85A/88 Konopelski Spring Apt. 763",Poblacion,Tagum,Catanduanes,"Isle of Man",302-809-343,+233058684221,Schowalter-Hermann,http://gerhold.com/et-quia-rem-aut-aut-sit.html,"Boat Builder and Shipwright",black,2009-10-19,brennon77@prohaska.biz,"[DyYNY)rrK~zCC$."""
f60d08de-dec1-3488-b3f4-22083e693238,Mrs.,Mariela,Rogahn,"60A/00 Gutkowski Fords",Poblacion,"El Salvador","Surigao del Sur","Burkina Faso",474-779-387,+9704983253246,"Senger Inc",http://www.lubowitz.net/asperiores-dolorem-enim-ut-aliquam-repudiandae-quis-et.html,"Gas Pumping Station Operator",teal,2021-11-17,jewel.reichel@hotmail.com,YQ2>2e:
894e8128-c34d-3ad8-9f9d-347a793129d2,Dr.,Kaylin,Bechtelar,"84/96 Collins Oval",Poblacion,Pagadian,Basilan,Moldova,647-773-805,+596350025624,"Littel, Beer and Farrell",http://www.altenwerth.org/in-nobis-nemo-repellendus-eaque-consequatur.html,Curator,purple,2020-02-15,estevan60@gmail.com,97EeZ3TjNJ
6baeb534-3fcf-3a7a-b115-75a5502771ba,Mrs.,Elvis,Keebler,"58/60 Thompson Junction Suite 048",Poblacion,"Batangas City","Southern Leyte","Faroe Islands",265-262-660,+5977848747,Gutmann-Pouros,http://stanton.com/eligendi-nemo-labore-et-recusandae-temporibus-ad.html,"Recyclable Material Collector",aqua,1998-01-25,nbashirian@lesch.com,"\"*(n""o"
bd63d79a-8097-3b58-9db0-f1fa6b937deb,Prof.,Fiona,Steuber,"37 Weissnat Drive",Poblacion,Isabela,Laguna,Korea,652-290-334,+8861788751860,Kirlin-McGlynn,http://www.cronin.org/,"Biomedical Engineer",aqua,1977-08-21,frau@yahoo.com,"\+_|d9"
b37e307c-a8c2-3ff9-aad5-0ef3521d532f,Dr.,Cathryn,Heaney,"58A Abshire Place Suite 707",Poblacion,"San Pablo",Pampanga,Spain,132-062-044,+434357089105,Shields-Marquardt,http://www.terry.org/pariatur-natus-voluptas-rerum-earum-rerum-neque-aspernatur.html,"Chemical Equipment Tender",teal,1986-06-23,lowe.burdette@gmail.com,-t:dL9D3B)sNuPNCC(jj
9131b058-1b92-3b4c-8377-7a293e485a1e,Prof.,Laila,Jaskolski,"34/89 Price Green Suite 806",Poblacion,Valenzuela,Ifugao,Benin,576-879-980,+2546254778388,Sawayn-Schoen,http://gutmann.net/eos-id-quo-dolorum-debitis-adipisci-similique,Buyer,silver,2015-09-17,maxie.sipes@rosenbaum.org,U:O)8NOdVEK
11aba854-47b6-3bec-aa48-6adfb169e33c,Dr.,Watson,Douglas,"74/19 Botsford Mountains Apt. 771",Poblacion,Passi,Catanduanes,Eritrea,687-103-080,+996627550033,"Harber, Wunsch and Williamson",http://www.crist.com/,"Logging Equipment Operator",fuchsia,2019-04-07,hessel.stephany@jacobi.com,e%Qm7Y2<cKA+jt5l.R$
8cc2fda0-7d15-3644-b2a4-b68c2091d9bd,Dr.,Yolanda,Rogahn,"11/61 Paucek Lakes",Poblacion,Tanauan,Cavite,"United Arab Emirates",007-513-456,+398262683179,McGlynn-Jast,http://hermann.com/,Audiologist,navy,1979-01-23,francis.denesik@gaylord.com,"Jhx""!|u"
eb959817-77dc-3f39-bb42-4cef9a25065a,Prof.,Danielle,Gorczany,"78A/08 Pacocha Mountains Apt. 322",Poblacion,Cauayan,Romblon,Turkmenistan,203-589-322,+218777085684,"Carroll, Monahan and Grant",http://harris.info/facilis-quis-culpa-non-quia-molestiae-doloribus-omnis,"Buffing and Polishing Operator",silver,1985-05-04,joesph.cole@gmail.com,9'5sSCNMp%2`E
d0f3b9c4-8487-3c68-9b1f-a093a2150009,Mr.,Lilly,Gerlach,"32A/15 Beatty Lakes Suite 927",Poblacion,Talisay,"Misamis Occidental",Ukraine,061-002-450,+870755823545,"Blick Inc",https://kassulke.info/enim-labore-hic-dolore-voluptas.html,"Electrical and Electronics Drafter",aqua,1974-08-31,cboyer@effertz.org,-1A;xE.%
1d61f395-9731-3c5d-9078-c008212a0ef1,Prof.,Chelsea,Cronin,"38A Gleason Heights Apt. 728",Poblacion,"San Pedro",Aklan,Turkmenistan,363-112-718,+658267528649,Yundt-Gulgowski,http://bashirian.biz/,"Truck Driver",teal,1989-07-09,pearline06@conroy.com,j(y.'q00[1v!IVu(G
1138f11f-dc1e-3349-8067-9cae9e0bec1a,Ms.,Cristal,Bashirian,"10 Hahn Courts Suite 364",Poblacion,Tabuk,Aklan,India,413-174-986,+2201860633,Herman-Batz,http://abernathy.org/rem-neque-fugiat-animi-distinctio-delectus-quam-et,Welder,teal,2011-11-23,robin.stokes@bartoletti.info,n(vR+@B+wR[e}s<1
03a189f0-722b-3db0-888f-bed4bca7267a,Dr.,Darron,Jones,"18A Crist Locks",Poblacion,Tandag,Zambales,Tonga,196-309-418,+59901056564,"Rodriguez PLC",https://www.trantow.biz/itaque-quis-non-perferendis-fugit,"Project Manager",white,1984-12-22,whudson@yahoo.com,OMHTa_c_[N|Js:xb
e6098d61-75cc-3fc0-9bff-beaf5d829bfa,Ms.,Herman,Padberg,"02A/54 Schiller Fields",Poblacion,Antipolo,Pangasinan,Guernsey,623-979-485,+2695329237,"Mraz, Gottlieb and Daugherty",http://www.gleichner.com/,"Education Teacher",teal,1989-04-11,stokes.dawn@hotmail.com,:~z^f<-gyn`ru
ed59aba4-d1a7-3cc9-8266-49830d5d383a,Mrs.,Savanah,Little,"14A Herzog Place Suite 399",Poblacion,"Trece Martires","Oriental Mindoro","Papua New Guinea",602-654-441,+6779803305,"Botsford, Douglas and Schowalter",http://www.funk.com/,"Athletic Trainer",white,2012-03-03,pagac.cathryn@yahoo.com,/~Y:7Fr0
3c820c21-6e69-3516-acae-a4d4300a49a8,Dr.,Maximo,Ratke,"68A Rodriguez Knolls Apt. 069",Poblacion,Mandaue,"Surigao del Norte",Cameroon,561-547-540,+634626040428,Lang-Effertz,http://www.mayer.info/eveniet-qui-eaque-magni-molestias,"Natural Sciences Manager",fuchsia,2013-09-16,bailey00@doyle.net,"84,]o-ZttmGNr{,|-y"
329b218d-efaf-3672-9b77-50a022fef740,Prof.,Emery,Mante,"71 Rau Estate Suite 232",Poblacion,Makati,"Misamis Occidental",Serbia,495-999-957,+881406047427,"Konopelski, Cruickshank and Gibson",http://towne.com/voluptatibus-consequuntur-voluptas-doloribus-rem-facere-eum.html,"Anthropologist OR Archeologist",yellow,1974-10-24,erdman.caden@lueilwitz.info,n8h~Pu
d24c6987-90d7-30f3-8789-9dd16a2bfe99,Prof.,Emmitt,Kuhn,"61 Braun Place",Poblacion,"San Carlos","Agusan del Sur",Bermuda,263-377-685,+9777909765847,"Considine Ltd",http://www.daniel.info/voluptatibus-consequatur-esse-amet-commodi-reiciendis-adipisci-et.html,"Boat Builder and Shipwright",green,2002-11-13,maida60@hettinger.org,"Uk:sBhBsT""+W"
58ac61ab-77c0-3a04-a230-7e47f5f8f61f,Mrs.,Johathan,Watsica,"92A/92 Prohaska Square Apt. 397",Poblacion,Caloocan,"Nueva Vizcaya","Sierra Leone",173-749-807,+50526462923,"Rath Ltd",http://www.glover.com/,"Private Household Cook",maroon,1981-08-25,tshields@muller.com,"yxdG,@}"
daaeffc5-3f5d-36ac-9e78-205d4328204a,Dr.,Zelma,Dach,"35A/25 Heller Shoals",Poblacion,Valencia,Apayao,Somalia,039-562-758,+571811073369,"Feil Ltd",http://towne.com/voluptatem-sint-voluptatem-veniam-pariatur-autem,"Social Sciences Teacher",silver,1982-08-05,devante.adams@buckridge.info,`@</|G=z61aC9bA<T@
69d4d235-4592-3253-a289-db23e172e0fe,Ms.,Ryley,Thiel,"29A/92 Bednar Hollow Apt. 241",Poblacion,Cauayan,Sulu,"New Zealand",465-161-620,+96550236746,"Kuhlman and Sons",https://www.gutkowski.com/porro-atque-possimus-dolorem-aperiam-aperiam,"Physical Therapist",navy,2005-01-13,twila50@gmail.com,Wwje{Itcp<8Ip~Wbn
607368c7-88fa-3b33-97d0-3f145c938c02,Prof.,Shanna,Klocko,"95 Lehner Pike",Poblacion,Tagum,Capiz,Algeria,197-990-275,+3813632006704,"Wisozk, Walsh and Waters",http://mccullough.com/at-culpa-deleniti-rerum,"Loan Counselor",silver,2019-03-26,paucek.merle@yahoo.com,7k=zRpw&9a@Y
a41c93fd-fd73-335e-9d0a-927aa474cc8d,Mrs.,Jennings,Zulauf,"55A/12 Beahan Pike",Poblacion,Imus,Bohol,Swaziland,421-401-764,+580496460721,"Kreiger PLC",http://www.kutch.org/,"Forensic Science Technician",navy,2009-02-14,upton.marques@gmail.com,"-&>+!YO5,xI^t<U3D"
9de37c2b-d5f6-398c-9a4b-7fe274bf9430,Miss,Clair,Stokes,"78A/61 Bruen Burg Suite 862",Poblacion,"San Jose del Monte",Quezon,"Saint Kitts and Nevis",516-689-614,+2917774323,Hyatt-Morissette,https://www.upton.biz/eius-architecto-maiores-ipsam-iure-adipisci-voluptatem-labore,"Metal Molding Operator",white,2012-04-14,annette.labadie@gmail.com,TxgR%h*
cd1a9740-4c94-39e2-bfc4-b605e9f43f59,Prof.,Jefferey,Howe,"21A Kunze Key",Poblacion,Marikina,Siquijor,Mauritania,013-018-430,+251412512906,"Daniel, Wintheiser and Nolan",https://www.stark.com/possimus-alias-sed-sed-sint,"Director Of Business Development",fuchsia,1987-08-11,sporer.fatima@schamberger.com,]f$|]RS)8nJ%r2y-`
c0a12905-0a2c-3d03-b7ba-1ee0408d2564,Dr.,Peter,Greenholt,"81/93 Hirthe Roads",Poblacion,Angeles,Quezon,Taiwan,708-409-044,+200268601699,"Swaniawski and Sons",http://cartwright.com/vero-consequatur-nostrum-sapiente-cumque-doloribus.html,"Instructional Coordinator",lime,2016-01-01,braeden.watsica@medhurst.org,qi:zd6w9C>6HKWB
0b92857d-2343-3a50-9694-4745d687adc8,Mr.,Lelia,Harris,"47A Quitzon Field Suite 593",Poblacion,Ligao,"Camarines Norte",Gabon,842-679-147,+211791888509,"Gaylord LLC",http://www.okon.net/enim-suscipit-repellat-eos-quidem-aut-illum,"Brattice Builder",lime,1987-06-03,xkilback@okon.com,"\unee'o$Z87_N"
a581b625-328d-353a-a8b4-1a6a1c81f0f1,Ms.,Riley,Lockman,"10/28 Frami Inlet Suite 977",Poblacion,Antipolo,Quezon,Italy,364-686-354,+231146458469,"Carter, Abbott and Welch",http://lowe.info/est-at-totam-consequatur-pariatur-officia,"Construction Driller",gray,2008-01-15,berniece22@harvey.biz,3wLcr*3Y
40451122-5dbd-3462-9dd7-14012d553536,Mr.,Laurel,Glover,"64/10 Reichel Harbors",Poblacion,Cabadbaran,"Negros Occidental",Malaysia,239-507-155,+240578113227,"Mohr LLC",https://www.hagenes.com/eos-illo-similique-et,"Food Servers",navy,1971-12-10,nathan18@hermann.com,"KkeS1J-:]\)JY9sP"
9059b5fb-e684-3e63-a6f2-5ef34ae622bd,Prof.,Eldon,Schmeler,"91A/76 DuBuque Fords",Poblacion,Angeles,"Lanao del Norte",Benin,340-484-409,+256327513809,"Johnston, O'Kon and Hermann",http://sporer.com/ut-aut-quam-laudantium-ut-dicta-qui-aut,Surveyor,navy,1975-07-09,rutherford.clinton@gmail.com,3MvNu2.
d92ee965-53d3-3fc5-89ad-71479e46186b,Prof.,Nona,Kub,"63A/75 Toy Route",Poblacion,Passi,Cebu,Liberia,581-448-480,+883663043327,"Moen LLC",http://www.sauer.com/,Boilermaker,lime,2020-01-06,crystal.pfeffer@hayes.com,"GT""pa)W}@MI!ohll'.e"
04fb8adf-de9a-3936-838a-b0260be3e10a,Ms.,Monserrate,Walsh,"35A Ryan Pine Apt. 062",Poblacion,"San Jose del Monte","Nueva Vizcaya","Central African Republic",965-365-387,+5921237839,"Senger and Sons",http://senger.com/autem-accusantium-enim-rerum-nobis,"Soldering Machine Setter",purple,1973-04-15,ethan68@pacocha.com,"'4,V}:^]"","
52a1c64c-0bb8-34f7-9ae1-f814b7115cf3,Ms.,Perry,O'Kon,"96A Lakin Islands",Poblacion,"San Fernando","Misamis Occidental",Palau,372-710-230,+423570458363,"Torphy Ltd",http://stroman.com/quia-aperiam-autem-deserunt-assumenda-et-dignissimos,"Entertainment Attendant",blue,1981-01-04,nrice@gmail.com,kG8~MXVn$_
a2b3c497-b8b5-3c47-bc39-bd156279c1bb,Prof.,Halle,Morar,"91/41 Mueller Avenue",Poblacion,"La Carlota",Batangas,Vanuatu,451-218-193,+6905763653,"Thiel PLC",https://www.mann.com/velit-architecto-possimus-et-nostrum-ullam,"Visual Designer",olive,1989-04-10,fkoelpin@hotmail.com,!j(9EH[%`iQ7MUQp<-P
03780bb8-beea-35c4-9e1f-3de249fe5bfa,Mrs.,Alexandria,Jakubowski,"83/79 Kessler Tunnel",Poblacion,Silay,Quirino,Swaziland,087-888-165,+545882568149,Block-Rau,http://www.mraz.com/,"Compliance Officers",aqua,2023-07-20,paula29@yahoo.com,#lfg:-A.z$O7K
bcb2e6ea-a0c9-3e05-bde1-bffef90c1894,Mr.,Therese,Corwin,"81/19 Stroman Court Apt. 170",Poblacion,Tabuk,"Camarines Norte","American Samoa",072-240-571,+448838471849,"Collier, Fritsch and Dibbert",https://www.murphy.com/non-blanditiis-corporis-accusamus-recusandae-facilis-ut-magnam,"Cooling and Freezing Equipment Operator",green,2008-11-10,kennedi71@blanda.org,"""34*:}A>7<$E_JCJ"
ad6e34e3-2eaa-315c-9d60-a41f93b33fc3,Mrs.,Lourdes,Ruecker,"52 Runolfsdottir Course Apt. 572",Poblacion,"Zamboanga City","Davao del Sur","French Guiana",180-579-827,+521999711227,"Adams PLC",http://upton.com/quia-inventore-rerum-ducimus-beatae-mollitia-quasi-repellat,"Postsecondary Education Administrators",white,1970-05-16,ostark@simonis.com,"=!94i3mT"""
0bb148d3-8db0-3517-aa71-0ea52bef3b9c,Ms.,Laury,Jast,"75A Carter Loop Apt. 093",Poblacion,Kidapawan,Pangasinan,Gambia,287-322-601,+376437462924,"Skiles, Cummerata and Hane",http://rodriguez.net/et-et-reprehenderit-eos-et-voluptas-error,"Recreational Therapist",aqua,1974-12-17,lisette.welch@yahoo.com,"X,Sc'_{57[b"
0e91b9f9-bc5c-3945-8e17-03fc0aeeec41,Prof.,Jackeline,Von,"22/70 Davis Circles",Poblacion,Olongapo,"Davao del Sur",Djibouti,236-081-803,+2341370763119,"Stehr, Marvin and Bernhard",https://bode.com/corporis-aut-beatae-ab-et.html,"Forming Machine Operator",white,1999-06-23,gay56@hoeger.net,*xav+a
bc72db17-3a9d-3ba3-8507-ebc4c3d60f1b,Mr.,Palma,Wiegand,"64A/99 Schmeler Throughway",Poblacion,Bogo,"Agusan del Norte",Mongolia,780-271-618,+995568671876,"Brown, Brown and Yundt",http://rodriguez.com/dolor-et-incidunt-velit-rerum,"Technical Program Manager",maroon,1992-08-12,rico.kulas@hotmail.com,_3ypAnB:0cn@2
e7473749-8fbe-31a7-9931-01e54fb6007e,Mr.,Lance,Veum,"54 Kassulke Route",Poblacion,Muñoz,Batanes,Kiribati,661-285-676,+8804444874989,Kohler-Schmidt,http://www.langosh.info/,"Keyboard Instrument Repairer and Tuner",olive,1972-08-30,okunde@gmail.com,w7:utdRmr9Bgeq<V_9:2
6a12d5a1-4387-3219-98db-14c8a52eed29,Dr.,Ivory,Roberts,"69A/69 Cormier Flats Suite 093",Poblacion,Dasmariñas,Apayao,Guam,707-640-853,+619361481862,"Kovacek, Cormier and Weber",http://www.boyle.org/,"Industrial Safety Engineer",black,2010-10-25,nitzsche.peyton@hotmail.com,sNt;x*^Wp_9yv
dd477964-fb5d-3831-b476-f877013681fb,Prof.,Gerard,Williamson,"36A/72 Wilderman Views",Poblacion,Iligan,Marinduque,Bulgaria,075-039-029,+221112916616,Rau-Mohr,http://www.bahringer.info/aut-ea-ratione-ut-consequatur,"Police and Sheriffs Patrol Officer",lime,1989-04-10,durward.sanford@hotmail.com,"$VGBK\l4Q}s""u;.""Z&B"
82d8dda9-6f3b-39ff-bde7-21e45ebf8e1e,Dr.,Garrison,Shields,"78A/78 Gleichner Drive Apt. 617",Poblacion,"San Juan","Ilocos Norte",Namibia,997-799-427,+423967164631,"Heathcote, Kemmer and Schultz",http://hessel.com/consequatur-omnis-non-sed-ut-rerum-natus,"Casting Machine Operator",yellow,1987-03-30,carolyne.lesch@marquardt.info,"*UL9VT\!2sQ)Uo/7G.rs"
2909a239-87c0-34b2-8c86-3e0c4dfaff0a,Ms.,Haylie,Johnson,"27/71 Rodriguez Inlet Suite 205",Poblacion,Talisay,"La Union","United Kingdom",284-401-104,+50381770139,Wintheiser-Kuhlman,https://parker.com/voluptatem-ad-vitae-eligendi-tenetur-rerum-et-quaerat.html,"Personal Trainer",teal,2017-02-23,garfield.roberts@yahoo.com,"w,m0ahHo$FOj<>j'`WQ"
5ba37a5c-0891-3093-9f4b-ae6d988b4a6d,Ms.,Dan,Marquardt,"53/33 Lebsack Parkways",Poblacion,Naga,"Negros Occidental",Pakistan,892-290-317,+32309009049,Hoeger-Brakus,http://www.hermiston.net/ut-non-ipsa-sed-et-voluptatibus-inventore.html,"Sketch Artist",black,1998-12-22,heaney.milton@gmail.com,"mb\Jh{jx.L5.x"
0b734f29-5739-3d06-b716-ba094fa2f485,Mr.,Kenyatta,Littel,"37A/19 McLaughlin Valley",Poblacion,Cabanatuan,Albay,"Lao People's Democratic Republic",575-990-174,+822800731819,DuBuque-Ankunding,http://www.wilderman.com/quod-provident-aliquid-veniam-blanditiis,"Aircraft Cargo Handling Supervisor",green,1987-08-11,jaron.trantow@yahoo.com,eqP:X-V<#A?I
692c1281-16ba-35ad-8e92-10257e0c94e6,Dr.,Kendra,Jones,"70/86 Jacobson Green",Poblacion,Parañaque,Cebu,"Burkina Faso",887-577-806,+213263741999,Rath-Hilpert,http://mohr.com/quia-temporibus-ratione-cum-placeat-omnis,"Hand Sewer",gray,1996-09-28,kemmer.ava@hotmail.com,:zUH~t??Do@
700b1b4a-145d-39a4-9176-dd1cce2548de,Mrs.,Jefferey,Ortiz,"71A/60 Bahringer Centers Suite 367",Poblacion,Tagum,Pampanga,Luxembourg,862-571-284,+93783757831,"Predovic, O'Kon and Herman",http://www.pfeffer.com/magnam-itaque-saepe-voluptas-autem.html,"Tax Examiner",black,1997-07-13,zora.simonis@gmail.com,k!MCIfB7
8d1a36e7-aa8e-3956-abff-ff5f19fd8206,Dr.,Darrin,Frami,"65A Kirlin Park",Poblacion,Laoag,"Davao del Norte",France,759-351-218,+250398075325,Grant-Bode,https://runte.org/id-reprehenderit-dicta-et-cupiditate-impedit-pariatur.html,"Motor Vehicle Inspector",white,1978-06-04,pfannerstill.kaylin@waters.com,[[L+DpvSW[7.Cgb
bc1fbdb4-1289-3fff-a037-7ed579a83415,Dr.,Golda,Reynolds,"48A/11 Langworth Well Apt. 362",Poblacion,Calapan,"La Union","Northern Mariana Islands",461-164-099,+918724509493,"Davis, Rowe and Conroy",https://www.murray.com/dignissimos-aut-omnis-odio-magnam-eaque-dolorem-deserunt,"Power Generating Plant Operator",purple,1985-11-15,davis.boris@spencer.org,rd]mj7!@PWp4:#uP0w
2bd5c5a6-4f3d-3054-8bd0-ba0cf3b12aa1,Dr.,Heloise,Schumm,"39/97 Schaefer Plaza Suite 013",Poblacion,Vigan,"La Union",Micronesia,486-066-596,+8568555329646,"Moen, Kerluke and Ullrich",http://www.crooks.com/deserunt-eum-esse-maxime-ea-voluptate-qui.html,"Excavating Machine Operator",gray,2013-07-02,cordell06@hotmail.com,<MdMJ?=;mJ
3a574806-9814-3e47-87aa-e9906925d7de,Dr.,Demetrius,Orn,"98 Eichmann Crossroad",Poblacion,"San Fernando",Albay,Montserrat,118-933-717,+689040423334,"Kohler Ltd",https://www.gibson.com/aut-aut-doloribus-voluptate-eaque-blanditiis-enim,"Healthcare Support Worker",yellow,2012-05-25,malcolm24@frami.com,Szc`MC@muZcD2UzW.b`>
4a5b1cfa-0b2a-3e8c-a132-c319dbee8f7e,Ms.,Cordia,Botsford,"84/23 Green Squares Apt. 123",Poblacion,Tayabas,"Camarines Sur",France,709-538-800,+212859130632,Mills-Abbott,http://stoltenberg.com/aspernatur-laudantium-necessitatibus-natus-quaerat-est-minus,"Textile Worker",teal,1981-03-13,orland.rolfson@kunde.biz,^=Jj6Y>CAlz$Ig
ab4b1805-8ffb-327d-bb2d-11512043d49d,Mrs.,Lisandro,Rath,"89A Glover Ports",Poblacion,Tagum,"Mountain Province",Benin,149-423-189,+537047588219,"Strosin and Sons",http://gleason.com/,"Criminal Investigator",yellow,2019-12-18,pacocha.benton@hotmail.com,pR!A2LnD)Db(DE<=
2403550d-8f7e-35f1-9c50-ffb60fe2b7d9,Dr.,Roxanne,Rice,"83A/23 Fritsch River Suite 646",Poblacion,Cabuyao,Maguindanao,"Cape Verde",837-583-474,+3808151509680,"O'Connell LLC",http://kohler.com/distinctio-voluptas-debitis-et-aut-debitis-similique-doloremque.html,"General Practitioner",maroon,2021-11-08,sterling95@homenick.org,NL@;]RYNwrl
4f4e49cc-e377-33e9-9f72-9249e397753d,Miss,Rosalind,Gleason,"29A Hilpert Tunnel",Poblacion,Cabuyao,"Negros Oriental",Greece,319-625-317,+261445899758,"Bosco, O'Connell and Rempel",http://mayer.net/laboriosam-sit-commodi-ad-expedita-ex-nam-voluptatum-et,"Correspondence Clerk",maroon,1981-10-29,wyman.fay@gmail.com,"f""`Jm""z$s}[lE"
5e353ef6-3221-3e9f-9fbd-c1ecf459bc8b,Mr.,Isabelle,Bednar,"10A Lind Expressway",Poblacion,Tanjay,"Oriental Mindoro",Chad,494-361-188,+265362260150,"O'Keefe, Terry and Dach",http://www.sawayn.biz/doloribus-enim-nam-quis-qui-cumque-ab,"Boat Builder and Shipwright",aqua,2001-09-10,heller.jesse@hotmail.com,3xGA~<8a#>6}
a9c482d9-939b-3e79-aede-ea807b68af49,Dr.,Ava,Boyer,"17 Stark Port",Poblacion,Escalante,"Negros Occidental",Nepal,287-189-212,+687257044,"Bernhard PLC",http://schamberger.com/id-nobis-itaque-nam-quasi-iste-odio-tempora,"Flight Attendant",lime,1983-09-23,esta37@armstrong.org,05oh~M=}/z
e7749a74-234b-3935-bf6c-e82225b61ecb,Prof.,Raoul,Hyatt,"17A/40 Yost Ways",Poblacion,"San Jose del Monte",Iloilo,Chad,746-164-135,+25731458111,"Beier Inc",http://walsh.biz/occaecati-impedit-eum-ad-mollitia.html,"Vice President Of Marketing",white,2004-04-24,carissa.cummerata@franecki.com,Ih1cPswSi]
c4fd1bbd-7fb1-364e-89ac-694eb1cc775b,Ms.,Meta,Bechtelar,"35A Miller Tunnel",Poblacion,Pagadian,Bohol,"Turks and Caicos Islands",082-300-211,+37449579679,White-Schiller,http://www.bosco.com/suscipit-cum-hic-labore-saepe-rerum-voluptas-unde.html,"Probation Officers and Correctional Treatment Specialist",teal,1984-04-26,rodrigo15@cartwright.com,/TzgwoPXKfS-RPN/?I[m
06804995-f774-3936-be00-f199ddab67c2,Mr.,Gordon,Spinka,"22A Kovacek Gardens Suite 724",Poblacion,Baguio,Pangasinan,Timor-Leste,081-069-223,+3588010871259,"Altenwerth Ltd",http://schultz.com/autem-fugiat-officia-ut-mollitia.html,"Health Educator",white,1973-07-06,jones.lilly@altenwerth.info,8I#QGN0)$0|w!wH)xN
3c1ae725-69da-39b5-9400-aea05acecd81,Prof.,Kaia,Sipes,"50A Gusikowski Village",Poblacion,Iriga,Abra,Andorra,159-172-365,+247736556,"Weimann, Dicki and Reynolds",http://www.langosh.com/quis-quia-voluptatem-voluptas-inventore-sapiente-explicabo.html,"Social Media Marketing Manager",black,2021-05-22,amayert@gmail.com,')Q#J*I)f6+jx}c5X=[-
39d93bcf-87ef-3500-a706-c54db9801e7f,Prof.,Aylin,West,"49/68 Bechtelar River",Poblacion,Tagaytay,Marinduque,"Svalbard & Jan Mayen Islands",097-967-596,+51113030881,"Schuster PLC",http://www.howell.com/saepe-eveniet-qui-quia-omnis-animi.html,Brickmason,olive,1987-10-31,grant.borer@schumm.net,"-qd>v[tqa""<xvU*N@a.N"
3a89f841-753c-34e3-8960-a2f2f46f5d8d,Ms.,Russell,Feeney,"63A Shanahan Spur",Poblacion,Tanauan,"Davao Oriental",Monaco,294-803-960,+387223037262,"Renner PLC",https://www.funk.biz/harum-culpa-laborum-animi-ratione-sint,"Interior Designer",black,1988-01-11,kohler.vivien@mosciski.com,".ImJkB""{:Dc=XD"
fc08f8f9-17b1-3145-a0e4-a0ee1d91ece4,Dr.,Jana,Schneider,"54/97 McDermott Path",Poblacion,"Quezon City","Ilocos Sur",Qatar,717-827-061,+525658141767,Smitham-Bauch,http://lubowitz.com/est-unde-saepe-in-qui-suscipit-accusantium-perspiciatis.html,"Bench Jeweler",olive,2024-05-07,kaylie14@feil.info,*Pw!D3<b^Ag!9J
cea63788-dd6b-3975-bfc3-c655aad708c0,Dr.,Jessie,Rath,"40/89 Lubowitz Villages",Poblacion,Silay,Leyte,Chad,606-910-382,+96152373050,Olson-Hill,http://www.yost.com/dolorum-facere-molestias-officia,"Data Processing Equipment Repairer",fuchsia,1992-03-22,evie.dickinson@oconner.com,Te@M'mZm6lc_J)FY
8aa50500-a1c4-34a4-bf27-366b320cb806,Ms.,Obie,Corkery,"74A Wintheiser Island Apt. 107",Poblacion,"General Santos","Agusan del Norte",Finland,676-730-882,+490972717266,"Ankunding, McClure and Tremblay",http://pouros.biz/rerum-animi-officiis-veritatis-rerum-voluptatem-officiis-magnam.html,"Travel Guide",blue,1972-05-31,jdouglas@cronin.com,poy!f%j#*#D
3e765a06-f4c4-3d78-912b-b833e2391293,Mrs.,Royal,Schuster,"21/55 Ryan Brook Apt. 598",Poblacion,Antipolo,Kalinga,Namibia,513-405-280,+68652475364,"Gislason LLC",https://www.pagac.biz/qui-eligendi-fugiat-est-pariatur-eaque,"Casting Machine Operator",fuchsia,1985-05-31,maggie.harber@schuppe.org,"k!}L,_2!QR>EO"
9a7c7fd8-adbf-3cc5-ba78-10ddfa56452e,Miss,Logan,Jacobs,"52A/11 Welch Land Suite 705",Poblacion,Sipalay,Aurora,"Burkina Faso",510-661-613,+213037647101,"Conn LLC",http://feest.com/,Stonemason,purple,2020-02-07,delfina.gusikowski@nolan.net,8#X9)D
e121c045-1bd9-3250-853a-f2cec4a7393b,Prof.,Ashley,Larkin,"96/86 Stroman Forges",Poblacion,Mati,"Oriental Mindoro",Nepal,219-771-515,+33375940098,"Cummerata Group",http://wunsch.com/dolor-dignissimos-et-quasi-ea-ipsa-rem.html,"Administrative Services Manager",fuchsia,2019-06-08,tromp.audreanne@trantow.com,"dI""u/wk@+9,"
8ffe05c4-f3bc-39ce-bb44-03887738c0a2,Dr.,Willie,Weber,"00A/82 Walter Walks Apt. 859",Poblacion,Mandaue,Capiz,"Faroe Islands",973-732-941,+3758845448666,"Heathcote, Considine and Russel",http://padberg.biz/error-totam-eum-qui-repellat-voluptatibus-sunt,Librarian,green,2022-06-30,wdietrich@pagac.com,}&HTafzf
33123254-b9d2-3b4f-bf67-ed34701eaf86,Dr.,Jessica,Stiedemann,"73A/39 Stehr Lock Apt. 532",Poblacion,Panabo,Isabela,"Cook Islands",143-768-775,+594700595143,"Considine LLC",http://www.hoeger.org/qui-impedit-aut-totam-dolorum.html,"Cement Mason and Concrete Finisher",silver,2019-08-16,hudson.twila@gmail.com,lQ;_U}~n&
24b322f6-ca06-37d8-b4ed-eb2c379d2fe3,Mr.,Myrtice,Kertzmann,"94 Wolf Road",Poblacion,"General Santos","Davao del Sur","South Africa",653-295-031,+923714401697,"Rau Inc",http://klocko.com/voluptas-consectetur-ut-ut-ut-amet,"Graduate Teaching Assistant",black,2019-12-03,quincy.pfannerstill@daugherty.com,"Dnx!e-iX:\?kwh"
1f39c450-73ec-3d67-81cd-0131ca31fef5,Prof.,Quentin,Johnson,"51A/87 Buckridge Loaf Suite 672",Poblacion,Mabalacat,Marinduque,"Dominican Republic",362-308-895,+3807017347228,"Rippin, Satterfield and Gleichner",http://www.denesik.com/numquam-et-eum-totam-numquam-officiis,"Industrial Engineer",silver,1994-07-20,benton.tillman@hotmail.com,A`ary;
2515a0e2-0455-3ec2-826f-c5bcb7ffacb7,Mr.,Carmela,Balistreri,"91A/52 Tromp Forge Suite 477",Poblacion,Parañaque,"Nueva Ecija",Taiwan,669-486-344,+2483404126,"Graham, Hammes and Williamson",https://hansen.com/omnis-inventore-quos-voluptates.html,Orthodontist,purple,2004-08-03,qframi@hammes.biz,Y$vUt8
90875502-9ae5-3a28-af97-f2935a65d0e5,Dr.,Ernesto,Kunze,"10/22 Schoen Mission Apt. 848",Poblacion,Tangub,"Nueva Ecija",Sudan,933-472-687,+88866658875789,"Rowe Inc",http://www.prohaska.com/molestiae-inventore-saepe-nesciunt-nisi-qui-non-atque-sint,"Advertising Sales Agent",gray,2013-04-01,katarina72@gmail.com,-r%zxO$9=y%
bf5c0485-9a56-39f6-a562-6061c274f2a4,Ms.,Karli,Pacocha,"19A Hettinger Tunnel Suite 007",Poblacion,Manila,Laguna,Gibraltar,670-755-601,+50938180742,Lueilwitz-Murray,http://reilly.biz/,"Municipal Fire Fighter",maroon,2006-02-03,brekke.cortez@smith.com,",+&40XZ.n+""TtJQXom["
223213f8-8052-3dd6-836c-818634bf5a9a,Prof.,Alicia,Wilkinson,"13 Abshire Motorway",Poblacion,"Iloilo City","Camarines Sur",Cambodia,923-766-204,+97450490414,"Effertz PLC",http://www.larson.org/ut-molestias-et-voluptas-quod-minima-perspiciatis-et-autem.html,"Calibration Technician OR Instrumentation Technician",blue,1973-12-17,elmore60@bernhard.com,"h4HaX\2~%"
055ad247-37a1-3468-91cc-b969c2605129,Mrs.,Gilda,Larson,"78/13 Fisher Mountains",Poblacion,"San Jose",Benguet,Mexico,350-491-141,+2483384800,Williamson-Parker,http://mckenzie.com/quasi-vero-consequatur-dignissimos-porro-quis,"Occupational Therapist Aide",purple,1972-02-27,zieme.immanuel@bednar.com,".7""5#v?iT@;$k'@@(x"
c9ef4cb6-5699-33d8-86ff-f1b053ea88e6,Prof.,Ramona,Ledner,"22 Mraz Court Suite 917",Poblacion,"Cagayan de Oro","Compostela Valley",Serbia,155-046-752,+461690515943,"Oberbrunner, O'Hara and Steuber",http://lehner.com/ipsum-voluptatem-accusantium-enim-quia-occaecati-consequatur-omnis-est,"Metal Worker",black,1981-06-11,kautzer.abdiel@boyer.org,"BR;s285|d}`,"
de09b396-90b6-3863-84b8-4811b0786b73,Ms.,Queenie,Bahringer,"76 Marks Mountains Suite 995",Poblacion,"Cavite City",Pampanga,"Christmas Island",311-056-837,+23201951272,Cummerata-Ryan,http://labadie.com/,"Supervisor of Customer Service",navy,2021-01-17,leo.trantow@gmail.com,"S(BF<j,K""A$^"
9afd1a71-8c63-3fea-bbd1-b5a89969d4f0,Miss,Rosario,Mills,"86 Leuschke Fort",Poblacion,Alaminos,"Oriental Mindoro",Senegal,537-844-439,+22926534945,Bartell-Collins,http://johns.biz/,"User Experience Researcher",white,1988-09-01,kullrich@yahoo.com,"*LEu:ErB""+dl1Saw%"
e0c7997e-9161-3c35-af03-919b0b587892,Dr.,Abdiel,White,"91A Emmerich Locks",Poblacion,Pasay,Quirino,"Svalbard & Jan Mayen Islands",353-045-863,+2388439282,"Dibbert Group",http://www.feeney.com/pariatur-ullam-quia-consectetur-corrupti,Paperhanger,lime,1987-04-21,kavon.hauck@yahoo.com,'|vsKji3zrg
1c7bffe4-4742-398d-aaf8-d33fa8a92115,Prof.,Alva,Deckow,"39A/96 Turcotte Fork",Poblacion,Makati,"Zamboanga Sibugay",Mali,256-968-710,+2637560864820,"Flatley, Balistreri and Bergnaum",http://fadel.com/,Farmworker,white,1973-04-23,rutherford.jay@collier.com,YOhbt~z^5<[
d6936a30-9ecf-387e-8529-2700301954bb,Dr.,Bernard,Kohler,"62 Robel Club",Poblacion,Tabaco,"South Cotabato",Grenada,841-124-921,+359316112264,"Murray, Crist and Breitenberg",https://friesen.com/et-et-quia-exercitationem-et.html,"Online Marketing Analyst",maroon,1993-12-27,mills.katelyn@hotmail.com,"G;Cq({|,qG05sfT.R"
44d69765-bf1e-3a81-b192-fb659a147f3b,Ms.,Dolores,Beer,"97A Klein Lakes Apt. 172",Poblacion,"Puerto Princesa",Marinduque,Lithuania,419-306-787,+240781910328,Koch-Reinger,http://frami.com/dolore-quo-veniam-nesciunt-veniam-vero-ullam.html,Historian,aqua,2016-07-21,juston.wyman@collier.com,"""ggj,>2""TAmupV-^"
4e895e14-86e1-3405-9e08-c51af118bbac,Prof.,Kurtis,Murphy,"59A Leannon Row Apt. 953",Poblacion,Victorias,Iloilo,"Dominican Republic",021-073-026,+247349577,"Mosciski LLC",http://dicki.net/,"Talent Acquisition Manager",maroon,1988-05-13,gulgowski.susie@hotmail.com,"&Uh>N""DR6An"
f292e5f4-ad3b-3e3f-a912-d8f66e096737,Mr.,Alize,Kreiger,"69A/42 Wiegand Unions",Poblacion,Silay,"Lanao del Norte",Macao,878-604-559,+979869744658,Cole-Ernser,https://reichert.org/reprehenderit-mollitia-expedita-consectetur-error-in-et-rerum-et.html,"Technical Director",silver,2004-07-05,devin.schinner@yahoo.com,7UP:bj
a015d5bf-8b09-399c-ad48-9476e73d5fcc,Prof.,Iva,Turcotte,"13A/69 Jaskolski Ports Apt. 967",Poblacion,Dapitan,Rizal,"Cote d'Ivoire",756-590-378,+3535466648916,"Runte, Witting and Hoppe",http://www.carroll.com/in-minima-nam-quaerat-est-sapiente-quas.html,"Answering Service",purple,2004-01-01,vida.murazik@skiles.com,bQ7Q5T;r
4ab7ec8e-4413-3e69-b28a-bcd71e2d9955,Ms.,Andres,Littel,"60 Hintz Fork Suite 492",Poblacion,Calbayog,"Misamis Occidental","Antigua and Barbuda",921-138-740,+377395565126,Batz-Hermiston,http://bashirian.com/atque-tempore-nemo-voluptas.html,"Manufacturing Sales Representative",green,2018-05-29,clay17@yahoo.com,l33yfQcZSR}S_rBQ
685b2a5e-12b9-323e-9a05-42983bf65d4f,Mr.,Kyleigh,Blanda,"07A/78 Koelpin Valley",Poblacion,Isabela,"Negros Oriental","Sri Lanka",059-781-379,+2259371304373,"Bogan, Paucek and Nitzsche",https://www.hamill.com/vitae-ratione-doloribus-amet-praesentium-cum,"Dental Hygienist",blue,2015-07-31,raymond.langosh@parisian.com,#1&E2gRvu?|=
24dc84cb-f441-3263-8281-a9009c9f9caa,Dr.,Brenna,Shanahan,"35/47 Rowe Knolls Apt. 142",Poblacion,Sipalay,Catanduanes,"Hong Kong",519-416-197,+6902129726,Altenwerth-Barton,http://www.bogisich.biz/,"Public Relations Specialist",silver,1995-02-07,patsy.cummerata@yahoo.com,W66h2^Q'|.U!r_v]:
74aed458-e09d-3aa1-8859-36b35b3c6554,Mr.,Antwan,Auer,"64A Stroman Spurs",Poblacion,Isabela,Zambales,Guernsey,666-713-069,+354035543339,Stark-Blick,http://www.legros.org/,"Rail Yard Engineer",fuchsia,1998-09-05,hessel.betsy@keebler.biz,"i\HQY="
f41cf2c8-d837-316b-a57e-e4dcc8a50ee9,Prof.,Shania,Rogahn,"84/67 Stracke Union Apt. 422",Poblacion,Passi,Ifugao,"Pitcairn Islands",815-683-311,+928000650019,"Becker, Hartmann and Gleichner",http://west.net/est-distinctio-reprehenderit-quam-vero-enim-voluptas-quis,"Rental Clerk",yellow,1984-01-03,sheldon.daugherty@bradtke.biz,"=9?\\F)Ke*}UBI"
d354ae40-0e3b-3085-9b28-dba2eb1ebc9b,Ms.,Olen,O'Connell,"78 Boehm Green Apt. 152",Poblacion,Tagum,Laguna,Uruguay,017-750-092,+211850469745,"Barton, Altenwerth and Nienow",http://breitenberg.com/consequatur-dolor-alias-quia-molestias,"Agricultural Science Technician",navy,2009-10-19,trevion35@yahoo.com,"*Q%}x7#),,ED2JGm"
69c9799e-9ec5-3a1e-8636-19404fe678e9,Prof.,Donna,Beatty,"50 Pollich Flats",Poblacion,Laoag,"South Cotabato",Morocco,614-149-462,+878321577906166,"Auer Ltd",http://brekke.biz/ab-recusandae-rerum-vitae-ut-id-ducimus-omnis.html,"Manufactured Building Installer",lime,1997-06-27,roger41@gmail.com,~'G:|QEhw~
ad105018-9f06-3d49-89e4-8d4fdf62216f,Dr.,Nona,Wisoky,"38 Marquardt Mews Suite 483",Poblacion,Candon,Quirino,Taiwan,984-041-916,+50230190533,Bechtelar-Bailey,http://sipes.com/occaecati-consectetur-minima-impedit-voluptatibus-molestias-tenetur.html,"Nuclear Technician",aqua,1984-12-01,brody63@gmail.com,=_LK3m8Ky?k|i=/ULal
226452fb-a1ef-3df1-8cb9-cfa1cecf8ae7,Dr.,Cynthia,Grady,"59A Jast Rue",Poblacion,Naga,"Zamboanga del Sur",Ecuador,433-998-502,+622384002067,"Gottlieb PLC",http://jones.net/nostrum-tempore-sint-neque-quibusdam-voluptatibus-et,"Soil Conservationist",fuchsia,1998-06-08,nwilkinson@watsica.info,y*8PN|DVOx=
eb878c42-945d-3c8f-81c8-b8c8e0cb7e84,Dr.,Amber,Koss,"52A/78 Monahan Ports Suite 747",Poblacion,Naga,Leyte,Belarus,409-259-122,+2256648028105,"Russel, Fadel and Bechtelar",http://towne.com/incidunt-nemo-architecto-sit-aut-in-quae,"Job Printer",gray,2014-07-31,ahomenick@schroeder.com,"{o""OFW9?1a(Z""j"
2ce15f42-4abf-3b0a-874b-f4d181e9e564,Miss,Curtis,Crist,"71A/95 Reichel Divide Apt. 687",Poblacion,"El Salvador",Guimaras,Tuvalu,251-935-495,+97569756106,"Sauer PLC",http://www.brakus.info/distinctio-omnis-cum-adipisci-praesentium-ea-nostrum-rem-ut.html,"Jewelry Model OR Mold Makers",white,2023-08-16,weimann.hermina@yahoo.com,F@kgRh/K+K]:i`~
0747471e-1642-3b4b-b239-d0ff593a3869,Prof.,Monserrat,Kuhic,"95A/18 Cartwright Walk Suite 183",Poblacion,Butuan,Albay,"Falkland Islands (Malvinas)",175-487-188,+80074435030,Quigley-Metz,http://www.hermann.com/est-nihil-porro-consequatur,Bellhop,blue,2001-08-17,ondricka.allan@hotmail.com,":m>W+@qRMJ({yE\&]0|_"
02af98f4-7f0b-3c6a-8076-49ab51e97bfd,Prof.,Gertrude,Keeling,"69/35 Lesch Forge",Poblacion,Mati,Quezon,Chile,971-873-393,+382994848963,"Quitzon, Hintz and Corkery",http://connelly.com/id-placeat-eveniet-beatae-perspiciatis-unde,"Farm and Home Management Advisor",purple,2008-06-19,pouros.jose@walter.net,"Sv)e1i,}m;G.G"
8db86684-20c5-3488-8440-c204b6c30d85,Dr.,Orville,Schroeder,"51A Bashirian Club",Poblacion,Tanauan,Kalinga,Guadeloupe,130-159-255,+4543288189,Schuppe-McLaughlin,https://johnston.com/ut-voluptatem-hic-consequatur.html,Platemaker,green,2010-04-18,casper.jaida@yahoo.com,]F_[=[TG7}f+U/tM
9f1c0764-264a-3fa9-a8db-ac7bfd619668,Mr.,Orpha,Kovacek,"00A Kemmer Rapid Suite 411",Poblacion,"Las Piñas","Surigao del Norte",Chad,236-072-103,+591082157249,"Goyette Ltd",https://windler.com/aut-ut-quia-dicta.html,"Airframe Mechanic",maroon,2008-02-14,alford.bernhard@schaden.com,"hIk6(H,$/_#"
f99b6513-7655-3d8a-b08e-5ee1ec8f5fed,Prof.,Moshe,Kirlin,"82A O'Hara Trail",Poblacion,"Las Piñas",Leyte,Chile,173-036-434,+97473909156,"Bogan, Bailey and Wolff",http://www.dach.com/est-inventore-quis-dolor-nesciunt,"Health Practitioner",green,1996-07-12,sgleason@yahoo.com,"I,z2KWy26"
515644f0-08a0-387f-bcbf-76ff5fa04532,Prof.,Nikko,Armstrong,"01A/88 Wisozk Fall Suite 707",Poblacion,"Sorsogon City",Zambales,Guinea,963-338-420,+22265950961,Cole-Nolan,http://www.orn.com/,"Paper Goods Machine Operator",teal,1983-01-23,joe.haag@yahoo.com,Zy]i>e+CC[t
b722044b-3625-3a38-a5ae-2d54f6d575ee,Mr.,Dallas,Hoeger,"87 Gerhold Ports",Poblacion,Passi,Leyte,Tunisia,554-836-115,+299215552,Metz-Hessel,http://www.hettinger.com/,"Home Economics Teacher",maroon,2019-10-08,easton33@littel.com,[=lv_G
413a35d8-4426-381b-81d0-8ea34782c784,Prof.,Celestino,Lakin,"98/39 Cummings Gardens Suite 655",Poblacion,Naga,Benguet,Argentina,082-701-701,+568127095368,"Ondricka Inc",http://www.heidenreich.org/accusamus-in-ducimus-laborum,"Communication Equipment Worker",purple,1996-09-18,kreiger.graciela@mcclure.org,"AWsSgH,3pSdNO""3H"
53dc253e-4f6c-3317-841c-e2b132c9efe2,Mrs.,Johann,Jakubowski,"86 Denesik Canyon",Poblacion,Iligan,Guimaras,Luxembourg,560-312-310,+823999173586,Bartell-Kutch,http://davis.com/rerum-facilis-veniam-itaque,University,blue,1987-03-31,yraynor@rodriguez.info,Sza<dqx+3DyV@j/JW:
71bc9b91-aad4-3e19-aa4f-9744d35e4c36,Dr.,Emmie,Howell,"64 Cole Common",Poblacion,"Surigao City","Misamis Occidental",Mexico,922-398-209,+315365018726,Schulist-Blick,http://hermann.com/,"Industrial Engineer",white,2019-09-17,uthompson@bernhard.com,Q(zh%a
b0c6757d-2586-306d-90d4-c5dc27c649fd,Dr.,Viola,Monahan,"96A/89 Ernser Vista Suite 442",Poblacion,Bayugan,Biliran,India,038-593-323,+994324843618,Schowalter-Collins,http://www.gerhold.info/vero-esse-quia-qui-commodi,"Portable Power Tool Repairer",silver,1986-08-27,mledner@hotmail.com,L(.L4co^)u2KQfi~Ms/7
0c46b4c5-aca5-35c7-a60f-52c84c1b1c60,Mr.,Jacques,Jones,"38A/78 Simonis Trace",Poblacion,"Cavite City",Cagayan,"Saint Lucia",001-376-596,+264517346438,"Hermiston, Bartoletti and Tillman",http://www.heaney.com/facilis-non-omnis-voluptatem-commodi-est-reprehenderit-eos.html,"Marriage and Family Therapist",gray,2013-08-17,caroline85@gmail.com,zbe8|tA;jJYFZm
322127f3-bd02-3b22-8a76-eaad25ad2ddd,Ms.,Rosalinda,Mohr,"14A/54 Lubowitz Trace Suite 679",Poblacion,Bogo,Bohol,Korea,870-704-589,+2697405660,"Gutmann Group",http://marvin.org/nihil-dolor-ut-magnam-quidem-accusamus,"Patrol Officer",fuchsia,2023-10-14,hermann.julianne@damore.com,7`CVZ$&{.9jU
8b8ee07a-8dff-3c5c-a7bb-0ea1670381ec,Dr.,Shaniya,Fritsch,"66A/41 Mueller Track",Poblacion,Bacolod,"Surigao del Norte",Uruguay,759-136-097,+904299225195,"Eichmann Ltd",http://mccullough.com/quo-sequi-voluptatem-non-voluptatem-quae-beatae-similique,Historian,gray,2005-06-12,lbergnaum@kihn.com,1=HM8$l{{3{:
143b24db-9878-3586-a138-31268cca24f8,Dr.,Kody,Murphy,"48A Schumm Drive Apt. 949",Poblacion,Catbalogan,Tarlac,Azerbaijan,791-885-210,+3587450726905,"Spinka, Williamson and Johns",http://www.haley.info/iure-corporis-voluptates-nostrum-sit,"Veterinary Technician",black,1984-09-29,abelardo34@beatty.com,"^y6s`o,"
